"Name","Symbol","Auto"
"20th Century Finance Corporation Ltd.","20THCENFIN",0
"AP Paper Mills Ltd.","APPAPER",0
"APR Ltd.","APRAYON",0
"ATV Projects India Ltd.","ATVPROJ",0
"Alpine Industries Ltd.","ALPINEIND",0
"Altos India Ltd.","ALTOS",0
"Ambalal Sarabhai Enterprises Ltd.","AMBASARABH",0
"Amrut Industries Ltd.","AMRUTIND",0
"Andhra Valley Power Supply Co. Ltd.","ANDRAVALLY",0
"Apple Credit Corporation Ltd.","APPLECREDT",0
"Aptech Ltd. (Erstwhile)","APTECH",0
"Arvind Polycot Ltd.","ARVINDPOLY",0
"Ashok Leyland Finance Ltd.","ASHKLEYFIN",0
"Asian Coffee Ltd.","ASIANCOFFE",0
"Atlas Copco (India) Ltd.","ATLASCOPCO",0
"Atlas Cycle (Haryana) Ltd.","ATLASCYCLE",0
"Bajaj Tempo Ltd.","BAJAJTEMPO",0
"Balaji Distilleries Ltd.","BALAJIDIST",0
"Baroda Rayon Corporation Ltd.","BARODARAYN",0
"Bell Ceramics Ltd.","BELLCERATL",0
"Bharti Telecom Ltd.-Suspended","BHARTITELE",0
"Birla Global Finance Ltd.","BGFL",0
"Blow Plast Ltd.","BLOWPLAST",0
"Bongaigaon Refinery & Petrochemicals Ltd.","BONGAIREFN",0
"Burroughs Wellcome (India) Ltd.","BURRWELCOM",0
"Cable Corporation of India Ltd.","CCI",0
"Caprihans India Ltd.","CAPRIHANS",0
"Carrier Aircon Ltd. ","CARRIERAIR",0
"Centak Chemicals Ltd.","CENTAKCHEM",0
"Cheminor Drugs Ltd.","CHEMNODRUG",0
"Chicago Pneumatic India Ltd.","CHICAGPNUM",0
"Chowgule Steamships Ltd.","CHOWGULSTM",0
"Clariant (India) Ltd.","CLARIANT",0
"DCL Polyesters Ltd.","DCLPOLY",0
"Dewan Rubber Industries Ltd.","DEWANRUB",0
"Dhampur Sugar Mills Ltd.","DHAMPURSUG",0
"Dharamsi Morarji Chemical Co. Ltd.","DHARAMORAR",0
"Elecon Engineering Co. Ltd.","ELECON",0
"Electrex (India) Ltd.","ELECTRX",0
"Excel Industries Ltd.- Arrangement","EXCELIND",0
"Flat Products Equipments (India) Ltd.","FLATPROD",0
"Forbes Gokak Ltd.","FORBESGOK",0
"Fulford (India) Ltd.","FULFORD",0
"GKN Driveshafts Ltd. -Delisted","INVELTRANS",0
"Ganesh Benzoplast Ltd.","GANESHBENZ",0
"Garware Polyester Ltd.","GARWARPOLY",0
"Garware-Wall Ropes Ltd.","GARWALLROP",0
"German Remedies Ltd.","GERMANREM",0
"Godrej Industries Ltd.-Old","GODREJSOP",0
"Good Value Marketing Co. Ltd.","GOODVALUE",0
"Goodricke Group Ltd.","GOODRICKE",0
"Goodyear India Ltd.","GOODYEAR",0
"Herbertsons Ltd.","HERBETSON",0
"Hind Lever Chemicals Ltd.","HINDLEVCHM",0
"Hindustan Development Corporation Ltd.","HINDEVELOP",0
"Hindustan Motors Ltd.- SUSPENDED","HINDMOTORS",0
"Hindustan Powerplus Ltd.","HINPOWPLUS",0
"Hitech Drilling Services India Ltd.","HITECDRIL",0
"Hoganas India Ltd.- Sus","HOGANAS",0
"I T C Bhadrachalam Paper Boards Ltd.","ITCBHADRA",0
"IBP Co. Ltd.","IBP",0
"ITC Hotels Ltd.","ITCHOTEL",0
"ITW Signode India Ltd.- Sus","ITWSIGNODE",0
"India Securities Ltd.","INDIASEC",0
"Indian Organic Chemicals Ltd.","INDIANORG",0
"Indian Petrochemicals Corporation Ltd.","IPCL",0
"Industrial Oxygen Co. Ltd. -Sus","INDOXYGEN",0
"International Travel House Ltd.","INTLTRAVHS",0
"Ion Exchange (India) Ltd.","IONEXCHANG",0
"Ispat Alloys Ltd.","ISPATALLOY",0
"JCT Ltd.","JCT",0
"Jagatjit Industries Ltd. -Sus","JAGAJITIND",0
"Jaiprakash Industries Ltd.- Suspended","JPIND",0
"Jindal Iron & Steel Co. Ltd.","JINDALIRON",0
"Jindal Strips Ltd.- Merged","JINDALSTRP",0
"Kerala Chemicals & Proteins Ltd.","KERALACHEM",0
"Kinetic Engineering Ltd.","KINETICENG",0
"Kinetic Motor Co. Ltd.","KINETICMOT",0
"Kodak India Ltd. - Delisted","INDIAPHOTO",0
"Larsen & Toubro Ltd.-Sus","L&T",0
"Lloyds Metals & Engineers Ltd.","LLOYDMETAL",0
"Lok Housing & Constructions Ltd.","LOKHSG",0
"Lupin Chemicals Ltd.  (Erstwhile)","LUPINCHEM",0
"Lupin Laboratories Ltd.  (Erstwhile)","LUPINLAB",0
"Mafatlal Industries Ltd.","MAFATLAIND",0
"McDowell & Co. Ltd. (Old)","MCDOWELL",0
"Merind Ltd.-Merged","MERIND",0
"Modern Denim Ltd.","MODERNDENM",0
"Modern Syntex (India) Ltd.","MODRNSYNTX",0
"Modern Threads (India) Ltd.","MODTHREAD",0
"Modi Xerox Ltd.- Sus","MODIXEROX",0
"Modiluft Ltd.","MODILUFT",0
"Mukand Ltd.- Old","MUKAND",0
"NIIT Ltd.-Sus","NIIT",0
"Nagarjuna Fertilizers & Chemicals Ltd.","NAGARFERT",0
"National Aluminium Co. Ltd. (Old)","NALCO",0
"National Peroxide Ltd.","NATPEROXID",0
"Novartis India Ltd.","NOVARTIND",0
"OTIS Elevator Company (India) Ltd.","OTIS",0
"Orkay Industries Ltd.","ORKAY",0
"Oudh Sugar Mills Ltd.","OUDHSUG",0
"Parke-Davis (India) Ltd.","PARKEDAVIS",0
"Philips India Ltd.","PHILIPS",0
"Phoenix International Ltd.","PHOENXINTL",0
"Piramal Holdings Ltd.-Delisted","NICOLASPIR",0
"Precision Fasteners Ltd.","PRECSNFAST",0
"Punjab Alkalies & Chemicals Ltd.","PUNALKALI",0
"Punjab Tractors Ltd.","PUNJABTRAC",0
"Punjab Wireless Systems Ltd.","PUNJABWIRE",0
"Raasi Cement Ltd.- Sus","RAASICEM",0
"Ravalgaon Sugar Farm Ltd.","RAVALSUGAR",0
"Rhone-Poulenc (India) Ltd.","RHONEPOULN",0
"Royal Cushion Vinyl Products Ltd.","ROYALCUSHN",0
"SOL Pharmaceuticals Ltd.","SOLPHARMA",0
"Sandvik Asia Ltd. - Delisted","SANDVIKAS",0
"Sanghi Polysters Ltd.","SANGHIPOLY",0
"Shaw Wallace & Co. Ltd.-Sus","SHAWALLACE",0
"Smithkline Beecham Pharmaceuticals (I) Ltd.-Merged","SMITHKLPHA",0
"Sree Rayalaseema Alkalies & Allied Chemicals Ltd.","SREERAYALK",0
"Standard Industries Ltd.- Delisted","STDIND",0
"Sterling Holiday Resorts (India) Ltd.-Delisted","STERLINHOL",0
"TCI Industries Ltd.","NA",0
"TVS Suzuki Ltd. (old)","TVSSUZUKI",0
"Tata Finance Ltd.","TATAFIN",0
"Tata Hydro-Electric Power Supply Co. Ltd.","TATAHYDRO",0
"Tata Infotech Ltd.-Merged","TATAINFOTE",0
"Textool Co. Ltd.- Merger","TEXTOOL",0
"Timex Watches Ltd.","TIMEXWATCH",0
"Transpek Industry Ltd.","TRANSPEK",0
"United Breweries Ltd.-Old","UNITEDBREW",0
"United Phosphorous Ltd. -Sus","UNITEDPHOS",0
"Usha (India) Ltd.","USHAINDIA",0
"Videocon International Ltd.","VDOCONINTL",0
"Vikas WSP Ltd.","VIKASWSP",0
"Viral Filaments Ltd.","VIRALFILA",0
"Warren Tea Ltd.","WARRENTEA",0
"Widia (India) Ltd.","WIDIA",0
"Wimco Ltd.-Delisted","WIMCO",0
"Wockhardt Ltd. (old)","WOCKHARDT",0
"Yokogawa Ltd.","YOKOGAWA",0
"Avery India Ltd.","AVERY",0
"Insilco Ltd. - Sus","INSILCO",0
"Malwa Cotton Spinning Mills Ltd.","MALWACOTT",0
"Punjab Communications Ltd.","PUNJCOMMU",0
"Moser Baer India Ltd.","MOSERBAER",0
"Global Trust Bank Ltd.","GLOBLTRUST",0
"Rayban Sun Optics India Ltd.","BAUSCHLOMB",0
"Sri Vishnu Cement Ltd.- Merged","SRIVISHCEM",0
"Elgi Rubber Company Ltd. - Suspended","ELGIRUBCO",0
"KRONE Communications Ltd.","KRONECOMM",0
"Pentafour Products Ltd.","PENTAFRPROD",0
"Punjab Anand Lamp Industries Ltd.","PUNANDLAMP",0
"TVS Electronics Ltd. - Merge","TVSELECT",0
"Ciba Speciality Chemicals (India) Ltd.","CIBASPEC",0
"Gulf Oil India Ltd.-Old","GULFOIL",0
"PSI Data Systems Ltd.","PSIDATASYS",0
"Rain Calcining Ltd.","RAINCALCIN",0
"Reliance Petroleum Ltd.- Merge","RELPETRO",0
"IDBI Bank Ltd.-OLD","IDBIBANK",0
"Orient Information Technologies Ltd.","ORIENTINFO",0
"Television Eighteen India Ltd.","TV18",0
"Bank of Punjab Ltd.","BANKPUNJAB",0
"Shree Rama Multi Tech Ltd.","SHREERAMA",0
"Bank of Rajasthan Ltd.","BANKRAJAS",0
"Ajanta Pharmaceuticals Ltd.","AJANTPHARM",0
"Lakshmi Auto Components Ltd.- Delisted","LAKSHAUTO",0
"United Western Bank Ltd.","UNIWESTBNK",0
"AXIS IT&T Ltd.","AXIS-IT&T",0
"Agee Gold Refineries","AGEEGOLD",0
"Andhra Sugars Ltd.","ANDHRSUGAR",0
"Bharat Hotels Ltd. - Delisted","BHARATHOT",0
"Compudyne Winfosystems Ltd.","COMPUDYNE",0
"First Leasing Co. of India Ltd.","FIRSTLEASE",0
"NRB Bearings Ltd.","NRBBEARING",0
"Siltap Chemicals Ltd.- Merged","SILTAPCHEM",0
"Sirpur Paper Mills Ltd.","SIRPAPER",0
"Zenith Computer Ltd.","ZENITHCOMP",0
"Fertilisers and Chemicals Travancore Ltd.","FACT",0
"Central India Polyesters Ltd.","CIPL",0
"Search Chem. Industries Ltd. - Sus","SEARCHEMIN",0
"Today's Writing Products Ltd.","TODAYS",0
"State Trading Corporation of India Ltd.","STCINDIA",0
"Indo Gulf Fertilisers Ltd.","IGFLFERT",0
"Rane Engine Valves Ltd. -old","RANEMADRAS",0
"Rane Brake Linings Ltd. -old","RANEBRAKE",0
"NDTV Ltd.","NDTV",0
"Shriram Investments Ltd.-Merged","SHRIRAMINV",0
"Narmada Chematur Petrochemicals Ltd.","NARMDCHEMA",0
"Reliance Natural Resources Ltd.","RNRL",0
"Wire & Wireless (I) Ltd.","WWIL",0
"Reliance Petroleum Ltd.","RPL",0
"3M India Ltd.","3MINDIA",1
"ABB Ltd.","ABB",1
"ACC Ltd.","ACC",1
"AGC Networks Ltd.","AGCNET",1
"Aban Offshore Ltd.","ABAN",1
"Abbott India Ltd.","BOOTSPHARM",1
"Adani Enterprises Ltd.","ADANIENT",1
"Aditya Birla Nuvo Ltd.","ABIRLANUVO",1
"Ador Welding Ltd.","ADORWELD",1
"Agro Tech Foods Ltd.","ATFL",1
"Ahmednagar Forgings Ltd.","AHMEDFORGE",1
"Akzo Nobel India Ltd.","AKZOINDIA",1
"Alembic Ltd.","ALEMBICLTD",1
"Alfa Laval (India) Ltd.","ALFALAVAL",1
"Alpic Finance Ltd.","ALPICFIN",1
"Ambuja Cements Ltd.","AMBUJACEM",1
"Apollo Hospitals Enterprises Ltd.","APOLLOHOSP",1
"Apollo Tyres Ltd.","APOLLOTYRE",1
"Apple Finance Ltd.","APPLEIND",1
"Arvind Ltd.","ARVIND",1
"Ashok Leyland Ltd.","ASHOKLEY",1
"Asian Electronics Ltd.","ASIANELEC",1
"Asian Hotels (North) Ltd.","ASIANHOTNR",1
"Asian Paints Ltd.","ASIANPAINT",1
"Assam Company India Ltd.","ASSAMCO",1
"AstraZenca Pharma India Ltd.","ASTRAZEN",1
"Atcom Technologies Ltd.","ATCOM",1
"Atul Ltd.","ATUL",1
"Automotive Axles Ltd.","AUTOAXLES",1
"Autoriders Finance Ltd.","AUTORIDFIN",1
"Aventis Pharma Ltd.","SANOFI",1
"BASF India Ltd.","BASF",1
"BEML Ltd.","BEML",1
"BIL Industries Ltd.","BHUPENIND",1
"BOC India Ltd.","BOC",1
"BPL Engineering Ltd.","BPLENGG",1
"BPL Ltd.","BPL",1
"Bajaj Auto Ltd.","BAJAJ-AUTO",1
"Bajaj Finance Ltd.","BAJFINANCE",1
"Bajaj Hindusthan Ltd.","BAJAJHIND",1
"Ballarpur Industries Ltd.","BALLARPUR",1
"Balrampur Chini Mills Ltd.","BALRAMCHIN",1
"Bank of Baroda","BANKBARODA",1
"Bank of India","BANKINDIA",1
"Bannari Amman Sugars Ltd.","BANARISUG",1
"Bata India Ltd.","BATAINDIA",1
"Bayer Cropscience Ltd.","BAYERCROP",1
"Berger Paints India Ltd.","BERGEPAINT",1
"Bharat Bijlee Ltd.","BBL",1
"Bharat Electronics Ltd.","BEL",1
"Bharat Forge Ltd.","BHARATFORG",1
"Bharat Heavy Electricals Ltd.","BHEL",1
"Bharat Petroleum Corporation Ltd.","BPCL",1
"Binani Industries Ltd.","BINANIZINC",1
"Birla Corporation Ltd.","BIRLACORPN",1
"Birla Power Solutions Ltd.","BIRLAPOWER",1
"Blue Star Ltd.","BLUESTARCO",1
"Bombay Burmah Trading Corporation Ltd.","BBTC",1
"Bombay Dyeing & Manufacturing Co. Ltd.","BOMDYEING",1
"Bosch Ltd.","BOSCHLTD",1
"Brabourne Enterprises Ltd.","BRABOURNE",1
"Britannia Industries Ltd.","BRITANNIA",1
"CESC Ltd.","CESC",1
"CFL Capital Financial Services Ltd.","CEATFIN",1
"CRISIL Ltd.","CRISIL",1
"Cabot India Ltd.","UNITEDCARB",1
"Cadbury India Ltd.","CADBURY",1
"Carborundum Universal Ltd.","CARBORUNIV",1
"Castrol (India) Ltd.","CASTROL",1
"Ceat Ltd.","CEATLTD",1
"Century Enka Ltd.","CENTENKA",1
"Century Textile & Industries Ltd.","CENTURYTEX",1
"Chambal Fertilizers & Chemicals Ltd.","CHAMBLFERT",1
"Chemplast Sanmar Ltd.","CHEMPLAST",1
"Chennai Petroleum Corporation Ltd.","CHENNPETRO",1
"Cipla Ltd.","CIPLA",1
"Clariant Chemicals (India) Ltd.","CLNINDIA",1
"Colgate Palmolive (India) Ltd.","COLPAL",1
"Core Healthcare Ltd.","COREPARENT",1
"Cosmo Films Ltd.","COSMOFILMS",1
"Crompton Greaves Ltd.","CROMPGREAV",1
"Cummins India Ltd.","CUMMINSIND",1
"DCW Ltd.","DCW",1
"DIC India Ltd.","DICIND",1
"Dabur India Ltd.","DABUR",1
"Daewoo Motors India Ltd.","DCMDAEWOO",1
"Dalmia Bharat Sugar and Industries Ltd.","DALMIASUG",1
"Deepak Fertilisers & Petrochemicals Corp. Ltd.","DEEPAKFERT",1
"Denso India Ltd.","NIPPONDENS",1
"Digital Globalsoft Ltd.","DIGITALEQP",1
"Digjam Ltd.","DIGJAM",1
"Dr. Reddy's Laboratories Ltd.","DRREDDY",1
"E.I.D. Parry (India) Ltd.","EIDPARRY",1
"EIH Ltd.","EIHOTEL",1
"ESAB India Ltd.","ESABINDIA",1
"Electrosteel Castings Ltd.","ELECTCAST",1
"Elgi Equipments Ltd.","ELGIEQUIP",1
"Escorts Ltd.","ESCORTS",1
"Eskay K'n'IT (India) Ltd.","SHREEKRPET",1
"Essar Oil Ltd.","ESSAROIL",1
"Essar Shipping Ports & Logistics Ltd.","ESSARSHIP",1
"Essar Steel Ltd.","ESTL",1
"Essel Propack Ltd.","ESSELPACK",1
"Everest Industries Ltd.","EVERESTIND",1
"Exide Industries Ltd.","EXIDEIND",1
"FDC Ltd.","FDC",1
"FGP Ltd.","FGPIND",1
"Fag Bearings India Ltd.","FAGBEARING",1
"Federal Bank Ltd.","FEDERALBNK",1
"Federal-Mogul Goetze (India) Ltd.","FMGOETZE",1
"Finolex Cables Ltd.","FINCABLES",1
"Finolex Industries Ltd.","FINPIPE",1
"Foseco India Ltd.","FOSECOIND",1
"GAIL (India) Ltd.","GAIL",1
"GHCL Ltd.","GHCL",1
"GTL Ltd.","GTL",1
"GTN Industries Ltd.","GTNIND",1
"Garden Silk Mills Ltd.","GARDENSILK",1
"Gillette India Ltd.","GILLETTE",1
"GlaxoSmithkline Consumer Healthcare Ltd.","GSKCONS",1
"Glaxosmithkline Pharmaceuticals Ltd.","GLAXO",1
"Godavari Fertilisers & Chemicals Ltd.","GODAVRFERT",1
"Godfrey Phillips India Ltd.","GODFRYPHLP",1
"Golden Tobacco Ltd.","GOLDENTOBC",1
"Grasim Industries Ltd.","GRASIM",1
"Great Eastern Shipping Co. Ltd.","GESHIP",1
"Greaves Cotton Ltd.","GREAVESCOT",1
"Grindwell Norton Ltd.","GRINDWELL",1
"Gujarat Alkalies & Chemicals Ltd.","GUJALKALI",1
"Gujarat Fluorochemicals Ltd.","GUJFLUORO",1
"Gujarat Gas Co. Ltd.","GUJRATGAS",1
"Gujarat Industries Power Co. Ltd.","GIPCL",1
"Gujarat Lease Financing Ltd.","GLFL",1
"Gujarat Narmada Valley Fertilisers Co. Ltd.","GNFC",1
"Gujarat State Fertilizers & Chemicals Ltd.","GSFC",1
"H.E.G. Ltd.","HEG",1
"HAMCO Mining & Smelting Ltd.","HINDALLOYS",1
"HCL Infosystems Ltd.","HCL-INSYS",1
"HDFC Bank Ltd.","HDFCBANK",1
"Harrisons Malayalam Ltd.","HARRMALAYA",1
"HeidelbergCement India Ltd.","HEIDELBERG",1
"Hero Honda Motors Ltd.","HEROMOTOCO",1
"Himachal Futuristic Communications Ltd.","HFCL",1
"Himatsingka Seide Ltd.","HIMATSEIDE",1
"Hind Syntex Ltd.","HINDSYNTEX",1
"Hindalco Industries Ltd.","HINDALCO",1
"Hindustan Construction Co. Ltd.","HCC",1
"Hindustan Oil Exploration Co. Ltd.","HINDOILEXP",1
"Hindustan Organic Chemicals Ltd.","HOCL",1
"Hindustan Petroleum Corporation Ltd.","HINDPETRO",1
"Hindustan Unilever Ltd.","HINDUNILVR",1
"Hindustan Zinc Ltd.","HINDZINC",1
"Honda SIEL Power Products Ltd.","HONDAPOWER",1
"Honeywell Automation India Ltd.","HONAUT",1
"Hotel Leelaventure Ltd.","HOTELEELA",1
"Housing Development Finance Corporation Ltd.","HDFC",1
"Hyderabad Industries Ltd.","HIL",1
"I G Petrochemicals Ltd.","IGPL",1
"I T C Ltd.","ITC",1
"ICICI Ltd.","ICICI",1
"IDBI Bank Ltd.","IDBI",1
"IDI Ltd.","INDYESTUF",1
"IFB Industries Ltd.","IFBIND",1
"IFCI Ltd.","IFCI",1
"INEOS ABS (India) Ltd.","STYABS",1
"IP Rings Ltd.","IPRINGLTD",1
"ISMT Ltd.","ISMTLTD",1
"ITD Cementation India Ltd.","ITDCEM",1
"ITI Ltd.","ITI",1
"India Cements Ltd.","INDIACEM",1
"India Glycols Ltd.","INDIAGLYCO",1
"India Gypsum Ltd.","INDGYPSUM",1
"Indian Aluminium Co. Ltd.","INDAL",1
"Indian Card Clothing Co. Ltd.","INDIANCARD",1
"Indian Hotels Co. Ltd.","INDHOTEL",1
"Indo Gulf Corporation Ltd.","INDOGULF",1
"Indo Rama Synthetics (India) Ltd. - Old","INDORAMA",1
"Infomedia 18 Ltd.","INFOMEDIA",1
"Infosys Technologies Ltd.","INFY",1
"Ingersoll Rand (India) Ltd.","INGERRAND",1
"Ipca Laboratories Ltd.","IPCALAB",1
"Ispat Industries Ltd.","NIPPONDENR",1
"J.B. Chemicals & Pharmaceuticals Ltd.","JBCHEPHARM",1
"JBF Industries Ltd.","JBFIND",1
"JCT Electronics Ltd.","JCTEL",1
"JD Orgochem Ltd.","JDORGO",1
"JK Lakshmi Cement Ltd.","JKLAKSHMI",1
"JK Tyre & Industries Ltd..","JKTYRE",1
"Jain Irrigation Systems Ltd. (Old)","JISLJALEQS",1
"Jay Shree Tea & Industries Ltd.","JAYSREETEA",1
"Jindal Photo Ltd.","JINDALFOTO",1
"Jindal Saw Ltd.","JINDALSAW",1
"Jyoti Structures Ltd.","JYOTISTRUC",1
"KSB Pumps Ltd.","KSBPUMPS",1
"Kajaria Ceramics Ltd.","KAJARIACER",1
"Kalyani Steels Ltd.","KSL",1
"Kansai Nerolac Paints Ltd.","KANSAINER",1
"Kesoram Industries Ltd.","KESORAMIND",1
"Kirloskar Industries Ltd.","KIRLOSIND",1
"Kitply Industries Ltd.","KITPLYIND",1
"Kochi Refineries Ltd.","COCHINREFN",1
"Kopran Ltd.","KOPRAN",1
"Kotak Mahindra Bank Ltd.","KOTAKBANK",1
"Krishna Filaments Ltd.","KRISNAFILA",1
"Krishna Lifestyle Technologies Ltd.","SHREEKRPOL",1
"LIC Housing Finance Ltd.","LICHSGFIN",1
"LML Ltd.","LML",1
"Lakshmi Machine Works Ltd.","LAXMIMACH",1
"Lloyds Finance Ltd.","LLOYDFIN",1
"Lloyds Steel Industries Ltd.","LLOYDSTEEL",1
"Lumax Industries Ltd.","LUMAXIND",1
"MRF Ltd.","MRF",1
"Madras Cements Ltd.","MADRASCEM",1
"Madura Coats Ltd.","MADURACOAT",1
"Mahanagar Telephone Nigam Ltd.","MTNL",1
"Maharashtra Scooters Ltd.","MAHSCOOTER",1
"Maharashtra Seamless Ltd.","MAHSEAMLES",1
"Mahindra & Mahindra Ltd.","M&M",1
"Mahindra Ugine Steel Co. Ltd.","MAHINDUGIN",1
"Mangalam Cement Ltd.","MANGLMCEM",1
"Maral Overseas Ltd.","MARALOVER",1
"Mardia Chemicals Ltd.","MARDIACHEM",1
"Marico Ltd.","MARICO",1
"Mastek Ltd.","MASTEK",1
"Max India Ltd.","MAX",1
"Merck Ltd.","MERCK",1
"Micro Inks Ltd.","MICRO",1
"Mirc Electronics Ltd.","MIRCELECTR",1
"Modern Terry Towels Ltd.","MODERNWOOL",1
"Modi Rubber Ltd.","MODIRUBBER",1
"Morepen Laboratories Ltd.","MOREPENLAB",1
"Munjal Showa Ltd.","MUNJALSHOW",1
"NEPC Agro Foods Ltd.","NEPCAGRO",1
"NEPC India Ltd","NEPCMICON",1
"NOCIL Ltd.","NOCIL",1
"Nahar Industrial Enterprises Ltd.","NAHARINDUS",1
"Nahar Investments and Holding Ltd.","NAHARPOLY",1
"Nahar Spinning Mills Ltd.","NAHARSPING",1
"Navneet Publications (India) Ltd.","NAVNETPUBL",1
"Nestle India Ltd.","NESTLEIND",1
"Nirma Ltd.","NIRMA",1
"Oil Country Tubular Ltd.","OILCOUNTUB",1
"Orchid Chemicals & Pharmaceuticals Ltd.","ORCHIDCHEM",1
"Orient Paper & Industries Ltd.","ORIENTPPR",1
"Oriental Bank of Commerce","ORIENTBANK",1
"Oriental Hotels Ltd.","ORIENTHOT",1
"Oswal Agro Mills Ltd.","OSWALAGRO",1
"Oswal Chemicals & Fertilizers Ltd.","BINDALAGRO",1
"PHIL Corporation Ltd.","PHILCORP",1
"Parekh Platinum Ltd.","PAREKHPLAT",1
"Patheja Forgings & Auto Parts Manufacturers Ltd.","PATHEJAFOR",1
"Peacock Industries Ltd.","PEACOCKIND",1
"Peninsula Land Ltd.","PENINLAND",1
"Pentamedia Graphics Ltd.","PENTSFWARE",1
"Pfizer Ltd.","PFIZER",1
"Phillips Carbon Black Ltd.","PHILIPCARB",1
"Pidilite Industries Ltd.","PIDILITIND",1
"Piramal Healthcare Ltd.","PIRAMHELTH",1
"Prakash Industries Ltd.","PRAKASH",1
"Premier Ltd.","PREMIER",1
"Prime Securities Ltd.","PRIMESECU",1
"Procter & Gamble Hygiene & Health Care Ltd.","PGHH",1
"Pudumjee Pulp & Paper Mills Ltd.","PDUMJEPULP",1
"Punjab Chemicals & Crop Protection Ltd.","PUNJABCHEM",1
"RPG Cables Ltd.","RPGCABLES",1
"RPG Transmission Ltd.","RPGTLTD",1
"RSWM Ltd.","RSWM",1
"Rajinder Steels Ltd.","RAJINSTEEL",1
"Ranbaxy Laboratories Ltd.","RANBAXY",1
"Rashtriya Chemicals & Fertilizers Ltd.","RCF",1
"Raymond Ltd.","RAYMOND",1
"Reckitt Benckiser (India) Ltd","RECKCOLMAN",1
"Recron Synthetics Ltd.","RAYMONDSYN",1
"Reliance Capital Ltd.","RELCAPITAL",1
"Reliance Industrial Infrastructure Ltd.","RIIL",1
"Reliance Industries Ltd.","RELIANCE",1
"Reliance Infrastructure Ltd.","RELINFRA",1
"Rico Auto Industries Ltd.","RICOAUTO",1
"Rolta India Ltd.","ROLTA",1
"Ruchi Soya Industries Ltd.","RUCHISOYA",1
"SIV Industries Ltd.","SIVIND",1
"SKF India Ltd.","SKFINDIA",1
"SRF Ltd.","SRF",1
"Sakthi Sugars Ltd.","SAKHTISUG",1
"Samtel Color Ltd.","SAMTEL",1
"Satyam Computer Services Ltd.","SATYAMCOMP",1
"Saurashtra Cement Ltd.","SAURASHCEM",1
"Schenectady Beck India Ltd.","DRBECK",1
"Sesa Goa Ltd.","SESAGOA",1
"Seshasayee Paper & Boards Ltd.","SESHAPAPER",1
"Shipping Corporation of India Ltd.","SCI",1
"Shree Cement Ltd.","SHREECEM",1
"Shrenuj & Co. Ltd.","SHRENUJ",1
"Siemens Ltd.","SIEMENS",1
"Snowcem India Ltd.","SNOWCEMIND",1
"Sona Koyo Steering Systems Ltd.","SONASTEER",1
"Southern Petrochemicals Industries Corporation Ltd.","SPIC",1
"State Bank of India","SBIN",1
"Steel Authority of India Ltd.","SAIL",1
"Sterlite Industries (India) Ltd (Erstwhile)","STER",1
"Su-Raj Diamonds & Jewellery Ltd.","WINSOMEDJ",1
"Sudarshan Chemical Industries Ltd.","SUDARSCHEM",1
"Summit Securities Ltd.","SUMMIT",1
"Sun Pharmaceutical Industries Ltd.","SUNPHARMA",1
"Sundaram Clayton Ltd.","SUNCLAYLTD",1
"Sundram Fasteners Ltd.","SUNDRMFAST",1
"Supreme Industries Ltd.","SUPREMEIND",1
"Supreme Petrochem Ltd.","SUPPETRO",1
"Swaraj Engines Ltd.","SWARAJENG",1
"Synthetics & Chemicals Ltd.","SYNTHCHEM",1
"Tamil Nadu Newsprint & Papers Ltd.","TNPL",1
"Tamilnadu Petroproducts Ltd.","TNPETRO",1
"Tata Chemicals Ltd.","TATACHEM",1
"Tata Communications Ltd.","TATACOMM",1
"Tata Elxsi Ltd.","TATAELXSI",1
"Tata Global Beverages Ltd.","TATAGLOBAL",1
"Tata Investment Corporation Ltd.","TATAINVEST",1
"Tata Motors Ltd.","TATAMOTORS",1
"Tata Power Co. Ltd.","TATAPOWER",1
"Tata SSL Ltd.","SPECIALSTL",1
"Tata Sponge Iron Ltd.","TATASPONGE",1
"Tata Steel Ltd.","TATASTEEL",1
"Thermax Ltd.","THERMAX",1
"Thiru Arooran Sugars Ltd.","THIRUSUGAR",1
"Thomas Cook (India) Ltd.","THOMASCOOK",1
"Timken India Ltd.","TIMKEN",1
"Titan Industries Ltd.","TITAN",1
"Torrent Pharmaceuticals Ltd.","TORNTPHARM",1
"Torrent Power AEC Ltd.","TORRENTAEC",1
"Trent Ltd.","TRENT",1
"Trigyn Technologies Ltd.","TRIGYN",1
"Triveni Engineering & Industries Ltd. (Old)","TRIVENI",1
"Tube Investments of India Ltd.","TUBEINVEST",1
"UCAL Fuel Systems Ltd.","UCALFUEL",1
"UFLEX Ltd.","UFLEX",1
"Unitech Ltd.","UNITECH",1
"Usha Martin Ltd.","USHAMART",1
"Uttam Galva Steels Ltd.","UTTAMSTL",1
"V.I.P. Industries Ltd.","VIPIND",1
"VLS Finance Ltd.","VLSFINANCE",1
"VST Industries Ltd.","VSTIND",1
"Value Industries Ltd.","VALUEIND",1
"Vardhman Holdings Ltd.","VHL",1
"Vardhman Textiles Ltd.","VTL",1
"Varun Shipping Co. Ltd.","VARUNSHIP",1
"Vesuvius India Ltd.","VESUVIUS",1
"Vindhya Telelinks Ltd.","VINDHYATEL",1
"Vinyl Chemicals (India) Ltd.","VINYLINDIA",1
"Voltas Ltd.","VOLTAS",1
"Wartsila India Ltd.","WARTSILA",1
"Western India Industries Ltd.","WESTINDIA",1
"Whirlpool of India Ltd.","WHIRLPOOL",1
"Windsor Machines Ltd.","WINDSOR",1
"Wipro Ltd.","WIPRO",1
"Woolworth (India) Ltd.","WOOLWORTH",1
"Wyeth Ltd.","WYETH",1
"Zandu Realty Ltd.","ZANDUREALT",1
"Zee Entertainment Enterprises Ltd.","ZEEL",1
"Zensar Technolgies Ltd.","ZENSARTECH",1
"Zuari Industries Ltd.","ZUARIGLOB",1
"CMC Ltd.","CMC",1
"Areva T&D India Ltd.","ALSTOMT&D",1
"Chettinad Cement Corporation Ltd.","CHETTINAD",1
"Cholamandalam Investment and Finance Company Ltd.","CHOLAFIN",1
"Corporation Bank","CORPBANK",1
"Eicher Ltd.","EICHER",1
"Eveready Industries India Ltd.","EVEREADY",1
"ICICI Bank Ltd.","ICICIBANK",1
"ING Vysya Bank Ltd.","INGVYSYABK",1
"Kohinoor Foods Ltd.","KOHINOOR",1
"Sundaram Finance Ltd.","SUNDARMFIN",1
"Tourism Finance Corporation of India Ltd.","TFCILTD",1
"Vardhman Polytex Ltd.","VARDMNPOLY",1
"Aurobindo Pharma Ltd.","AUROPHARMA",1
"National Aluminium Co. Ltd.","NATIONALUM",1
"Amara Raja Batteries Ltd.","AMARAJABAT",1
"Ashima Ltd.","ASHIMASYN",1
"Gujarat Mineral Development Corporation Ltd.","GMDCLTD",1
"Mangalore Refinery & Petrochemicals Ltd.","MRPL",1
"PVP Ventures Ltd.","PVP",1
"Subros Ltd.","SUBROS",1
"Vashisti Detergents Ltd.","TATAVASHIS",1
"e-Serve International Ltd.","E-SERVEINT",1
"Archies Ltd.","ARCHIES",1
"Birla Ericsson Optical Ltd.","BIRLAERIC",1
"Blue Dart Express Ltd.","BLUEDART",1
"Mirza International Ltd.","MIRZAINT",1
"Nilkamal Ltd.","NILKAMAL",1
"Paper Products Ltd.","PAPERPROD",1
"Rallis India Ltd.","RALLIS",1
"Silverline Technologies Ltd. -Sus","SILVERLINE",1
"DSQ Software Ltd.","SQRDSFWARE",1
"IndusInd Bank Ltd.","INDUSINDBK",1
"Pharmacia Healthcare Ltd.","PHARMACIA",1
"Unichem Laboratories Ltd.","UNICHEMLAB",1
"Bayer Cropscience India Ltd. -Erstwhile","AGREVOIND",1
"Container Corporation of India Ltd.","CONCOR",1
"Krebs Biochemicals Ltd.","KREBSBIO",1
"Shasun Chemicals & Drugs Ltd.","SHASUNPHAR",1
"Saregama India Ltd","SAREGAMA",1
"Crest Animation Studios Ltd.","CRESTANI",1
"Flextronics Software Systems Ltd.","FSS",1
"Polaris Software Lab Ltd.","POLARIS",1
"Sri Adhikari Brothers Television Network Ltd.","SABTN",1
"Visualsoft Technologies Ltd.","VISUALSOFT",1
"Wockhardt Ltd.","WOCKPHARMA",1
"Axis Bank Ltd.","AXISBANK",1
"Cybertech Systems & Software Ltd.","CYBERTECH",1
"Maars Software International Ltd.","MAARSOFTW",1
"Ramco Industries Ltd.","RAMCOIND",1
"Salora International Ltd.","SALORAINTL",1
"Shyam Telecom Ltd.","SHYAMTEL",1
"Sonata Software Ltd.","SONATSOFTW",1
"Jain Studios Ltd.","JAINSTUDIO",1
"Origin Agrostar Ltd.","SQUAREDBIO",1
"Roofit Industries Ltd.","ROOFITIND",1
"Engineers India Ltd.","ENGINERSIN",1
"MphasiS Ltd.","MPHASIS",1
"Pentasoft Technologies Ltd.","PENTACOMMU",1
"SEAMEC Ltd.","SEAMECLTD",1
"Sandesh Ltd.","SANDESH",1
"Panacea Biotec Ltd.","PANACEABIO",1
"R. S. Software (India) Ltd.","RSSOFTWARE",1
"Cadila Healthcare Ltd.","CADILAHC",1
"Carol Info Services Ltd.","CAROLINFO",1
"Glenmark Pharmaceuticals Ltd.","GLENMARK",1
"HCL Technologies Ltd.","HCLTECH",1
"Jindal Steel & Power Ltd.","JINDALSTEL",1
"Kale Consultants Ltd.","ACCELYA",1
"Monsanto India Ltd.","MONSANTO",1
"Ramco Systems Ltd.","RAMCOSYS",1
"Padmini Technologies Ltd.","PADMINPOLY",1
"Aksh Optifibre Ltd.","AKSHOPTFBR",1
"Centurion Bank Ltd.","CENTBOP",1
"Cinevistaas Ltd. ","CINEVISTA",1
"FCL Technologies & Products Ltd.","FLEXCHEM",1
"Karur Vysya Bank Ltd.","KARURVYSYA",1
"TVS Motor Company Ltd.","TVSMOTOR",1
"Hinduja Ventures Ltd.","HINDUJAVEN",1
"iGate Global Solutions Ltd.","IGS",1
"Aztecsoft Ltd.","AZTECSOFT",1
"Balaji Telefilms Ltd.","BALAJITELE",1
"Henkel SPIC India Ltd.","SPICFINE",1
"Mahindra Lifespace Developers Ltd.","MAHLIFE",1
"Motherson Sumi Systems Ltd.","MOTHERSUMI",1
"Mukta Arts Ltd","MUKTAARTS",1
"Neyveli Lignite Corporation Ltd.","NEYVELILIG",1
"Soundcraft Industries Ltd.","SOUNDCRAFT",1
"Sterling Biotech Ltd","STERLINBIO",1
"Sterlite Technologies Ltd.","STRTECH",1
"Syndicate Bank","SYNDIBANK",1
"Tips Industries Ltd.","TIPSINDLTD",1
"DCM Shriram Consolidated Ltd.","DCMSRMCONS",1
"Jammu & Kashmir Bank Ltd.","J&KBANK",1
"Sun Earth Ceramics Ltd.","SUNEARTH",1
"Tata Teleservices (Maharashtra) Ltd.","TTML",1
"Infotech Enterprises Ltd.","INFOTECENT",1
"Aftek Ltd.","AFTEK",1
"Alstom Projects India Ltd.","AIL",1
"Creative Eye Ltd.","CREATIVEYE",1
"Geometric Ltd.","GEOMETRIC",1
"Infar (India) Ltd.","INFARINDIA",1
"Information Technologies India Ltd.","ITIL",1
"Karnataka Bank Ltd.","KTKBANK",1
"Kothari Products Ltd.","KOTHARIPRO",1
"PNB Gilts Ltd.","PNBGILTS",1
"Prism Cement Ltd.","PRISMCEM",1
"Reliance MediaWorks Ltd.","RELMEDIA",1
"South Indian Bank Ltd.","SOUTHBANK",1
"Vision Organics Ltd","VISIONLTD",1
"Williamson Tea Assam Ltd.","GEORGWILIM",1
"Andhra Bank","ANDHRABANK",1
"Blue Star Infotech Ltd.","BLUESTINFO",1
"Can Fin Homes Ltd.","CANFINHOME",1
"City Union Bank Ltd.","CUB",1
"Eicher Motors Ltd.","EICHERMOT",1
"FCI OEN Connectors Ltd.","OENCONNECT",1
"GSL Nova Petrochemicals Ltd.","GSLNOVA",1
"Havell's India Ltd.","HAVELLS",1
"Indian Overseas Bank ","IOB",1
"Indraprastha Medical Corporation Ltd.","INDRAMEDCO",1
"Jagsonpal Pharmaceuticals Ltd.","JAGSNPHARM",1
"Jubilant Life Sciences Ltd.","JUBILANT",1
"Lakshmi Vilas Bank Ltd.","LAKSHVILAS",1
"Mid-Day Multimedia Ltd","NEXTMEDIA",1
"Smartlink Network Systems Ltd.","SMARTLINK",1
"Taj GVK Hotels & Resorts Ltd.","TAJGVK",1
"Vijaya Bank","VIJAYABANK",1
"Pritish Nandy Communications Ltd.","PNC",1
"Onward Technologies Ltd.","ONWARDTEC",1
"Oil & Natural Gas Corporation Ltd.","ONGC",1
"Alok Industries Ltd.","ALOKTEXT",1
"Balmer Lawrie & Co. Ltd.","BALMLAWRIE",1
"Bhushan Steel Ltd.","BHUSANSTL",1
"Indian Oil Corporation Ltd.","IOC",1
"Rain Commodities  Ltd","RAINCOM",1
"Shanthi Gears Ltd.","SHANTIGEAR",1
"West Coast Paper Mills Ltd.","WSTCSTPAPR",1
"Tata Coffee Ltd.","TATACOFFEE",1
"NELCO Ltd.","NELCO",1
"Venky's (India) Ltd.","VENKEYS",1
"Agro Dutch Industries Ltd.","AGRODUTCH",1
"Asahi India Glass Ltd.","ASAHIINDIA",1
"BSL Ltd.","BSL",1
"Coromandel International Ltd.","COROMANDEL",1
"Dena Bank","DENABANK",1
"Elder Pharmaceuticals Ltd.","ELDERPHARM",1
"Gammon India Ltd.","GAMMONIND",1
"Graphite India Ltd.","GRAPHITE",1
"Heritage Foods (India) Ltd.","HERITGFOOD",1
"IVRCL Infrastructures & Projects Ltd.","IVRCLINFRA",1
"India Nippon Electricals Ltd.","INDNIPPON",1
"KDL Biotech Ltd.","KOPDRUGS",1
"KPIT Cummins Infosystem Ltd.","KPIT",1
"Lupin Ltd.","LUPIN",1
"MRO-TEK Ltd.","MRO-TEK",1
"Madras Fertilizers Ltd.","MADRASFERT",1
"Manali Petrochemical Ltd.","MANALIPETC",1
"Melstar Information Technologies Ltd.","MELSTAR",1
"PSL Ltd.","PSL",1
"Panasonic AVC Networks India Co. Ltd.","PAVCI",1
"Pricol Ltd.","PRICOL",1
"S. Kumars Nationwide Ltd.","SKUMARSYNF",1
"S.B.& T. International Ltd.","SB&TINTL",1
"SREI Infrastructure Finance Ltd.","SREINFRA",1
"Sintex Industries Ltd.","SINTEX",1
"Sundaram Brake Linings Ltd.","SUNDRMBRAK",1
"Surya Roshni Ltd.","SURYAROSNI",1
"Tamilnadu Telecommunications Ltd.","TNTELE",1
"Thirumalai Chemicals Ltd.","TIRUMALCHM",1
"United Spirits Ltd.","MCDOWELL-N",1
"Wellwin Industry Ltd.","WELLWININD",1
"Wheels India Ltd.","WHEELS",1
"Zodiac Clothing Co. Ltd.","ZODIACLOTH",1
"HMT Ltd.","HMT",1
"Kakatiya Cement Sugar & Industries Ltd.","KAKATCEM",1
"Godrej Consumer Products Ltd.","GODREJCP",1
"KCP Ltd.","KCP",1
"Patspin India Ltd.","PATSPINLTD",1
"MPS Ltd.","MPSLTD",1
"Bharti Airtel Ltd.","BHARTIARTL",1
"Oracle Financial Services Software Ltd.","OFSS",1
"Punjab National Bank","PNB",1
"Abhishek Industries Ltd","TRIDENT",1
"Hexaware Technologies Ltd.","HEXAWARE",1
"Hikal Ltd.","HIKAL",1
"Pantaloon Retail (India) Ltd.","PANTALOONR",1
"Union Bank of India","UNIONBANK",1
"Aptech Ltd.","APTECHT",1
"Gujarat Ambuja Exports Ltd.","GAEL",1
"Praj Industries Ltd.","PRAJIND",1
"Canara Bank","CANBK",1
"Jindal Poly Films Ltd.","JINDALPOLY",1
"Allahabad Bank","ALBK",1
"Shriram Transport Finance Co. Ltd.","SRTRANSFIN",1
"Regency Ceramics Ltd.","REGENCERAM",1
"Visaka Industries Ltd.","VISAKAIND",1
"Amtek Auto Ltd.","AMTEKAUTO",1
"Divi's Laboratories Ltd.","DIVISLAB",1
"Omax Autos Ltd.","OMAXAUTO",1
"SML Isuzu Ltd.","SMLISUZU",1
"JSW Steel Ltd.","JSWSTEEL",1
"Maruti Suzuki India Ltd.","MARUTI",1
"Godrej Industries Ltd.","GODREJIND",1
"Indo Rama Synthetics Ltd.","INDORAMA",1
"Nava Bharat Ventures Ltd.","NBVENTURES",1
"Munjal Auto Industries Ltd.","MUNJALAU",1
"UCO Bank","UCOBANK",1
"Welspun Corp Ltd.","WELCORP",1
"Welspun India Ltd.","WELSPUNPOL",1
"Dredging Corporation of India Ltd.","DREDGECORP",1
"United Phosphorus Ltd.","UNIPHOS",1
"Larsen & Toubro Ltd.","LT",1
"Biocon Ltd.","BIOCON",1
"Dishman Pharmaceuticals & Chemicals Ltd.","DISHMAN",1
"Indraprastha Gas Ltd.","IGL",1
"Jaiprakash Associates Ltd.","JPASSOCIAT",1
"LG Balakrishnan & Bros Ltd.","LGBBROSLTD",1
"Matrix Laboratories Ltd.","MATRIXLABS",1
"Monnet Ispat Ltd.","MONNETISPA",1
"Nagarjuna Construction Co. Ltd.","NCC",1
"Patni Computer Systems Ltd.","PATNI",1
"Petronet LNG Ltd.","PETRONET",1
"Rama Newsprint & Papers Ltd.","RAMANEWS",1
"Strides Arcolab Ltd.","STAR",1
"Suryalakshmi Cotton Mills Ltd.","SURYALAXMI",1
"TV Today Network Ltd.","TVTODAY",1
"Tata Consultancy Services Ltd.","TCS",1
"UltraTech Cement Ltd.","ULTRACEMCO",1
"Indiabulls Financial Services Ltd.","INDIABULLS",1
"JSL Stainless Ltd.","JSL",1
"Bosch Chassis Systems India Ltd.","BOSCHCHASY",1
"NTPC Ltd.","NTPC",1
"Tata Metaliks Ltd.","TATAMETALI",1
"Gujarat NRE Coke Ltd.","GUJNRECOKE",1
"Fresenius Kabi Oncology Ltd.","FKONCO",1
"Aarti Industries Ltd.","AARTIIND",1
"Radico Khaitan Ltd","RADICO",1
"Ind-Swift Laboratories Ltd.","INDSWFTLAB",1
"Vishal Exports Overseas Ltd.","VISHALEXPO",1
"Patel Engineering Ltd.","PATELENG",1
"Jet Airways (India) Ltd.","JETAIRWAYS",1
"Bhansali Engineering Polymers Ltd.","BEPL",1
"Consolidated Finvest & Holdings Ltd.","CONSOFINVT",1
"Dwarikesh Sugar Industrial Ltd.","DWARKESH",1
"Gateway Distriparks Ltd.","GDL",1
"HSIL Ltd.","HSIL",1
"Rajesh Exports Ltd.","RAJESHEXPO",1
"Financial Technologies (India) Ltd.","FINANTECH",1
"Shoppers Stop Ltd.","SHOPERSTOP",1
"Infrastructure Development Finance Co. Ltd.","IDFC",1
"Gokaldas Exports Ltd.","GOKEX",1
"HSBC InvestDirect (India) Ltd.","HINVDIR",1
"HT Media Ltd.","HTMEDIA",1
"Mercator Lines Ltd.","MERCATOR",1
"Simplex Infrastructures Ltd.","SIMPLEXINF",1
"Suzlon Energy Ltd.","SUZLON",1
"Shree Renuka Sugars Ltd.","RENUKA",1
"Deccan Chronicle Holdings Ltd.","DCHL",1
"Reliance Communications Ltd.","RCOM",1
"Videocon Industries Ltd.","VIDEOIND",1
"B L Kashyap & Sons Ltd.","BLKASHYAP",1
"Punj Lloyd Ltd.","PUNJLLOYD",1
"Ansal Properties & Infrastructure Ltd.","ANSALAPI",1
"Kirloskar Brothers Ltd.","KIRLOSBROS",1
"Kalpataru Power Transmission Ltd.","KALPATPOWR",1
"Inox Leisure Ltd.","INOXLEISUR",1
"Sun TV Network Ltd.","SUNTV",1
"Gitanjali Gems Ltd.","GITANJALI",1
"Mahindra & Mahindra Financial Services Ltd.","M&MFIN",1
"Era Infra Engineering Ltd.","ERAINFRA",1
"D.S. Kulkarni Developers Ltd.","DSKULKARNI",1
"GMR Infrastructure Ltd.","GMRINFRA",1
"Tech Mahindra Ltd.","TECHM",1
"Shree Precoated Steels Ltd.","AJMERA",1
"Unity Infraprojects Ltd.","UNITY",1
"Noida-Toll Bridge Co. Ltd.","NOIDATOLL",1
"Jagran Prakashan Ltd.","JAGRAN",1
"McLeod Russel India Ltd.","MCLEODRUSS",1
"Allcargo Global Logistics Ltd.","ALLCARGO",1
"Bombay Rayon Fashions Ltd.","BRFL",1
"Uttam Sugar Mills Ltd.","UTTAMSUGAR",1
"Geojit BNP Paribas Financial Services Ltd.","GEOJITBNPP",1
"Amtek India Ltd.","AMTEKINDIA",1
"Entertainment Network India Ltd.","ENIL",1
"Parsvnath Developer Ltd.","PARSVNATH",1
"Lanco Infratech Ltd.","LITL",1
"Indiabulls Real Estate Ltd.","IBREALEST",1
"Lakshmi Energy & Foods Ltd.","LAKSHMIEFL",1
"Provogue (India) Ltd.","PROVOGE",1
"JM Financial Ltd.","JMFINANCIL",1
"Power Finance Corporation Ltd.","PFC",1
"Sobha Developers Ltd.","SOBHA",1
"Donear Industries Ltd.","DONEAR",1
"Idea Cellular Ltd.","IDEA",1
"GTL Infrastructure Ltd.","GTLINFRA",1
"MindTree Ltd.","MINDTREE",1
"Educomp Solutions Ltd.","EDUCOMP",1
"ibn18 Broadcast Ltd.","TV18BRDCST",1
"DLF Ltd.","DLF",1
"India Infoline Ltd.","INDIAINFO",1
"Firstsource Solutions Ltd.","FSL",1
"Ackruti City Ltd.","HUBTOWN",1
"Info Edge (India) Ltd.","NAUKRI",1
"House of Pearl Fashions Ltd.","PGIL",1
"Anant Raj Industries Ltd.","ANANTRAJ",1
"NIIT Ltd.","NIITLTD",1
"ABG Shipyard Ltd.","ABGSHIP",1
"Zee News Ltd.","ZEENEWS",1
"Power Grid Corporation of India Ltd.","POWERGRID",1
"Housing Development and Infrastructure Ltd.","HDIL",1
"Mundra Port and Special Economic Zone Ltd.","ADANIPORTS",1
"Edelweiss Capital Ltd.","EDELWEISS",1
"Reliance Power Ltd.","RPOWER",1
"NMDC Ltd.","NMDC",1
"Rei Agro Ltd.","REIAGROLTD",1
"Bajaj Holdings & Investment Ltd.","BAJAJHLDNG",1
"Fortis Healthcare Ltd.","FORTIS",1
"Rural Electrification Corporation Ltd.","RECLTD",1
"Bajaj Finserv Ltd.","BAJAJFINSV",1
"Omaxe Ltd.","OMAXE",1
"Religare Enterprises Ltd.","RELIGARE",1
"Cairn India Ltd.","CAIRN",1
"GVK Power & Infrastructures Ltd.","GVKPIL",1
"Advanta India Ltd.","ADVANTA",1
"Future Capital Holdings Ltd.","CAPF",1
"Vishal Retail Ltd.","V2RETAIL",1
"Puravankara Projects Ltd.","PURVA",1
"UTV Software Communication Ltd.","UTVSOF",1
"IRB Infrastructure Developers Ltd.","IRB",1
"Koutons Retail India Ltd.","KOUTONS",1
"K.S. Oils Ltd.","KSOILS",1
"National Fertilizers Ltd.","NFL",1
"Jai Corp Ltd.","JAICORPLTD",1
"Dynamatic Technologies Ltd.","DYNAMATECH",1
"Motilal Oswal Financial Services Ltd.","MOTILALOFS",1
"Phoenix Mills Ltd.","PHOENIXLTD",1
"Tulip Telecom Ltd.","TULIP",1
"Century Plyboards (India) Ltd.","CENTURYPLY",1
"Torrent Power Ltd.","TORNTPOWER",1
"Indiabulls Securities Ltd.","IBSEC",1
"United Breweries Ltd.","UBL",1
"PTC India Ltd.","PTC",1
"Great Offshore Ltd.","GTOFFSHORE",1
"Kec International Ltd.","KEC",1
"Gujarat State Petronet Ltd.","GSPL",1
"Yes Bank Ltd.","YESBANK",1
"Everest Kanto Cylinder Ltd.","EKC",1
"Redington (India) Ltd.","REDINGTON",1
"3i Infotech Ltd.","3IINFOTECH",1
"Brigade Enterprises Ltd.","BRIGADE",1
"NHPC Ltd.","NHPC",1
"Banco Products (India) Ltd.","BANCOINDIA",1
"Binani Cement Ltd.","BINANICEM",1
"Gammon Infrastructure Projects Ltd.","GAMMNINFRA",1
"Jindal SouthWest Hold Ltd.","JINDALSWHL",1
"Karuturi Global Ltd.","KGL",1
"Adani Power Ltd.","ADANIPOWER",1
"Oil India Ltd.","OIL",1
"JSW Energy Ltd.","JSWENERGY",1
"Tinplate Company of India Ltd.","TINPLATE",1
"Jaypee Infratech Ltd.","JPINFRATEC",1
"D B Realty Ltd.","DBREALTY",1
"Jaiprakash Power Ventures Ltd.","JPPOWER",1
"Jubilant Foodworks Ltd.","JUBLFOOD",1
"Sunteck Realty Ltd.","SUNTECK",1
"Hathway Cable & Datacom Ltd.","HATHWAY",1
"Shree Ashtavinayak Cine Vision Ltd.","SHREEASHTA",1
"Orbit Corporation Ltd.","ORBITCORP",1
"Allied Digital Services Ltd.","ADSL",1
"BGR Energy Systems Ltd","BGRENERGY",1
"Bajaj Electricals Ltd","BAJAJELEC",1
"Core Projects & Technologies Ltd.","COREEDUTEC",1
"Cox & Kings Ltd.","COX&KINGS",1
"Delta Corp Ltd.","DELTACORP",1
"Emami Ltd.","EMAMILTD",1
"Godrej Properties Ltd.","GODREJPROP",1
"Kemrock Industries and Exports Ltd.","KEMROCK",1
"Opto Circuits (I) Ltd.","OPTOCIRCUI",1
"Orissa Min Dev Co Ltd.","ORISSAMINE",1
"Pipavav Shipyard Ltd.","PIPAVAVDOC",1
"Sadbhav Engineering Ltd","SADBHAV",1
"Zydus Wellness Ltd.","ZYDUSWELL",1
"Coal India Ltd.","COALINDIA",1
"Oberoi Realty Ltd.","OBEROIRLTY",1
"Prestige Estates Projects Ltd.","PRESTIGE",1
"ARSS Infrastructure Projects Ltd.","ARSSINFRA",1
"IL&FS Engineering and Construction Company Ltd.","IL&FSENGG",1
"Dish TV India Ltd.","DISHTV",1
"Trident Ltd.","TRIDENT",1
"AIA Engineering Ltd.","AIAENG",1
"BF Utilities Ltd.","BFUTILITIE",1
"Central Bank of India","CENTRALBK",1
"Development Credit Bank Ltd.","DCB",1
"Dewan Housing Finance Corporation Ltd.","DHFL",1
"Dhanlaxmi Bank Ltd.","DHANBANK",1
"eClerx Services Ltd.","ECLERX",1
"Gujarat Pipavav Port Ltd.","GPPL",1
"Indiabulls Power Ltd.","IBPOW",1
"Indian Bank","INDIANB",1
"KSK Energy Ventures Ltd.","KSK",1
"Network18 Media & Investments Ltd.","NETWORK18",1
"Page Industries Ltd.","PAGEIND",1
"Persistent Systems Ltd.","PERSISTENT",1
"SKS Microfinance Ltd.","SKSMICRO",1
"State Bank of Bikaner & Jaipur Ltd.","SBBJ",1
"State Bank of Travancore","SBT",1
"Sujana Towers Ltd.","SUJANATOW",1
"Future Ventures India Ltd.","FUTUREVENT",1
"L&T Finance Holdings Ltd.","L&TFH",1
"United Breweries (Holdings) Ltd.","UBHOLDINGS",1
"J.Kumar Infraprojects Ltd.","JKIL",1
"Alstom T&D India Ltd.","ALSTOMT&D",1
"Arshiya International Ltd.","ARSHIYA",1
"Eros Intl Media Ltd.","EROSMEDIA",1
"ICRA Ltd.","ICRA",1
"ICSA (India) Ltd.","ICSA",1
"Kwality Dairy (India) Ltd.","KWALITY",1
"Lovable Lingerie Ltd.","LOVABLE",1
"Muthoot Finance Ltd.","MUTHOOTFIN",1
"Ramky Infra Ltd.","RAMKY",1
"TD Power Systems Ltd.","TDPOWERSYS",1
"Techno Elt & Eng Co. Ltd.","TECHNO",1
"Tree House Education & Accessories Ltd.","TREEHOUSE",1
"WABCO India Ltd.","WABCOINDIA",1
"S.E. Investments Ltd.","SEINV",1
"Man Infraconstruction Ltd.","MANINFRA",1
"Autoline Industries Ltd.","AUTOIND",1
"Balkrishna Industries Ltd.","BALKRISIND",1
"Flexituff International Ltd.","FLEXITUFF",1
"Gati Ltd.","GATI",1
"Innoventive Industries Ltd.","INNOIND",1
"Mandhana Industries Ltd.","MANDHANA",1
"Mangalore Chemicals & Fertilizers Ltd.","MANGCHEFER",1
"Prime Focus Ltd","PFOCUS",1
"Shri Lakshmi Cotsyn Ltd.","SHLAKSHMI",1
"Shriram City Union Finance Ltd.","SHRIRAMCIT",1
"Supreme Infrastructure India Ltd.","SUPREMEINF",1
"TTK Prestige Ltd.","TTKPRESTIG",1
"Vakrangee Software Ltd.","VAKRANSOFT",1
