"Company Name","Industry","Symbol","Series","ISIN Code"
"3M India Ltd.","TRADING","3MINDIA","EQ","INE470A01017"
"ABB Ltd.","ELECTRICAL EQUIPMENT","ABB","EQ","INE117A01022"
"ABG Shipyard Ltd.","SHIPPING","ABGSHIP","EQ","INE067H01016"
"ACC Ltd.","CEMENT AND CEMENT PRODUCTS","ACC","EQ","INE012A01025"
"AIA Engineering Ltd.","ELECTRICAL EQUIPMENT","AIAENG","EQ","INE212H01026"
"Aarti Industries Ltd.","CHEMICALS - SPECIALITY","AARTIIND","EQ","INE769A01020"
"Aban Offshore Ltd.","OIL EXPLORATION/PRODUCTION","ABAN","EQ","INE421A01028"
"Adani Enterprises Ltd.","TRADING","ADANIENT","EQ","INE423A01024"
"Adani Ports and Special Economic Zone Ltd.","SHIPPING","ADANIPORTS","EQ","INE742F01042"
"Adani Power Ltd.","POWER","ADANIPOWER","EQ","INE814H01011"
"Aditya Birla Nuvo Ltd.","DIVERSIFIED","ABIRLANUVO","EQ","INE069A01017"
"Advanta India Ltd.","FOOD AND FOOD PROCESSING","ADVANTA","EQ","INE517H01010"
"Agro Tech Foods Ltd.","SOLVENT EXTRACTION","ATFL","EQ","INE209A01019"
"Akzo Nobel India Ltd.","PAINTS","AKZOINDIA","EQ","INE133A01011"
"Allahabad Bank","BANKS","ALBK","EQ","INE428A01015"
"Allcargo Logistics Ltd.","TRAVEL AND TRANSPORT","ALLCARGO","EQ","INE418H01029"
"Alok Industries Ltd.","TEXTILE PRODUCTS","ALOKTEXT","EQ","INE270A01011"
"Alstom India Ltd.","ELECTRICAL EQUIPMENT","AIL","EQ","INE878A01011"
"Alstom T&D India Ltd.","ELECTRICAL EQUIPMENT","ALSTOMT&D","EQ","INE200A01026"
"Amara Raja Batteries Ltd.","AUTO ANCILLARIES","AMARAJABAT","EQ","INE885A01032"
"Ambuja Cements Ltd.","CEMENT AND CEMENT PRODUCTS","AMBUJACEM","EQ","INE079A01024"
"Amtek Auto Ltd.","AUTO ANCILLARIES","AMTEKAUTO","EQ","INE130C01021"
"Amtek India Ltd.","AUTO ANCILLARIES","AMTEKINDIA","EQ","INE068D01021"
"Anant Raj Ltd.","CONSTRUCTION","ANANTRAJ","EQ","INE242C01024"
"Andhra Bank","BANKS","ANDHRABANK","EQ","INE434A01013"
"Ansal Properties & Infrastructure Ltd.","CONSTRUCTION","ANSALAPI","EQ","INE436A01026"
"Apollo Hospitals Enterprises Ltd.","MISCELLANEOUS","APOLLOHOSP","EQ","INE437A01024"
"Apollo Tyres Ltd.","TYRES","APOLLOTYRE","EQ","INE438A01022"
"Aptech Ltd.","COMPUTERS - SOFTWARE","APTECHT","EQ","INE266F01018"
"Arshiya International Ltd.","TRAVEL AND TRANSPORT","ARSHIYA","EQ","INE968D01022"
"Arvind Ltd.","TEXTILE PRODUCTS","ARVIND","EQ","INE034A01011"
"Asahi India Glass Ltd.","AUTO ANCILLARIES","ASAHIINDIA","EQ","INE439A01020"
"Ashok Leyland Ltd.","AUTOMOBILES - 4 WHEELERS","ASHOKLEY","EQ","INE208A01029"
"Asian Paints Ltd.","PAINTS","ASIANPAINT","EQ","INE021A01018"
"AstraZenca Pharma India Ltd.","PHARMACEUTICALS","ASTRAZEN","EQ","INE203A01020"
"Atul Ltd.","CHEMICALS - SPECIALITY","ATUL","EQ","INE100A01010"
"Aurobindo Pharma Ltd.","PHARMACEUTICALS","AUROPHARMA","EQ","INE406A01037"
"Autoline Industries Ltd.","AUTO ANCILLARIES","AUTOIND","EQ","INE718H01014"
"Automotive Axles Ltd.","AUTO ANCILLARIES","AUTOAXLES","EQ","INE449A01011"
"Axis Bank Ltd.","BANKS","AXISBANK","EQ","INE238A01026"
"BASF India Ltd.","CHEMICALS - SPECIALITY","BASF","EQ","INE373A01013"
"BEML Ltd.","ENGINEERING","BEML","EQ","INE258A01016"
"BF Utilities Ltd.","CONSTRUCTION","BFUTILITIE","EQ","INE243D01012"
"BGR Energy Systems Ltd","ENGINEERING","BGRENERGY","EQ","INE661I01014"
"BOC India Ltd.","GAS","BOC","EQ","INE473A01011"
"Bajaj Auto Ltd.","AUTOMOBILES - 2 AND 3 WHEELERS","BAJAJ-AUTO","EQ","INE917I01010"
"Bajaj Electricals Ltd","CONSUMER DURABLES","BAJAJELEC","EQ","INE193E01025"
"Bajaj Finance Ltd.","FINANCE","BAJFINANCE","EQ","INE296A01016"
"Bajaj Finserv Ltd.","FINANCE","BAJAJFINSV","EQ","INE918I01018"
"Bajaj Hindusthan Ltd.","SUGAR","BAJAJHIND","EQ","INE306A01021"
"Bajaj Holdings & Investment Ltd.","FINANCE","BAJAJHLDNG","EQ","INE118A01012"
"Balkrishna Industries Ltd.","TYRES","BALKRISIND","EQ","INE787D01026"
"Ballarpur Industries Ltd.","PAPER AND PAPER PRODUCTS","BALLARPUR","EQ","INE294A01037"
"Balmer Lawrie & Co. Ltd.","TRAVEL AND TRANSPORT","BALMLAWRIE","EQ","INE164A01016"
"Balrampur Chini Mills Ltd.","SUGAR","BALRAMCHIN","EQ","INE119A01028"
"Banco Products (India) Ltd.","AUTO ANCILLARIES","BANCOINDIA","EQ","INE213C01025"
"Bank of Baroda","BANKS","BANKBARODA","EQ","INE028A01013"
"Bank of India","BANKS","BANKINDIA","EQ","INE084A01016"
"Bannari Amman Sugars Ltd.","SUGAR","BANARISUG","EQ","INE459A01010"
"Bata India Ltd.","LEATHER AND LEATHER PRODUCTS","BATAINDIA","EQ","INE176A01010"
"Berger Paints India Ltd.","PAINTS","BERGEPAINT","EQ","INE463A01020"
"Bhansali Engineering Polymers Ltd.","PETROCHEMICALS","BEPL","EQ","INE922A01025"
"Bharat Electronics Ltd.","ELECTRONICS - INDUSTRIAL","BEL","EQ","INE263A01016"
"Bharat Forge Ltd.","CASTINGS/FORGINGS","BHARATFORG","EQ","INE465A01025"
"Bharat Heavy Electricals Ltd.","ELECTRICAL EQUIPMENT","BHEL","EQ","INE257A01026"
"Bharat Petroleum Corporation Ltd.","REFINERIES","BPCL","EQ","INE029A01011"
"Bharti Airtel Ltd.","TELECOMMUNICATION - SERVICES","BHARTIARTL","EQ","INE397D01024"
"Bhushan Steel Ltd.","STEEL AND STEEL PRODUCTS","BHUSANSTL","EQ","INE824B01021"
"Biocon Ltd.","PHARMACEUTICALS","BIOCON","EQ","INE376G01013"
"Birla Corporation Ltd.","CEMENT AND CEMENT PRODUCTS","BIRLACORPN","EQ","INE340A01012"
"Blue Dart Express Ltd.","TRAVEL AND TRANSPORT","BLUEDART","EQ","INE233B01017"
"Blue Star Ltd.","AIRCONDITIONERS","BLUESTARCO","EQ","INE472A01039"
"Bombay Burmah Trading Corporation Ltd.","FOOD AND FOOD PROCESSING","BBTC","EQ","INE050A01025"
"Bombay Dyeing & Manufacturing Co. Ltd.","TEXTILES - SYNTHETIC","BOMDYEING","EQ","INE032A01023"
"Bombay Rayon Fashions Ltd.","TEXTILE PRODUCTS","BRFL","EQ","INE589G01011"
"Bosch Ltd.","AUTO ANCILLARIES","BOSCHLTD","EQ","INE323A01026"
"Brigade Enterprises Ltd.","CONSTRUCTION","BRIGADE","EQ","INE791I01019"
"Britannia Industries Ltd.","FOOD AND FOOD PROCESSING","BRITANNIA","EQ","INE216A01022"
"CESC Ltd.","POWER","CESC","EQ","INE486A01013"
"CMC Ltd.","COMPUTERS - SOFTWARE","CMC","EQ","INE314A01017"
"CORE Education & Technologies Ltd.","COMPUTERS - SOFTWARE","COREEDUTEC","EQ","INE247G01024"
"CRISIL Ltd.","FINANCE","CRISIL","EQ","INE007A01025"
"Cadila Healthcare Ltd.","PHARMACEUTICALS","CADILAHC","EQ","INE010B01019"
"Cairn India Ltd.","OIL EXPLORATION/PRODUCTION","CAIRN","EQ","INE910H01017"
"Can Fin Homes Ltd.","FINANCE - HOUSING","CANFINHOME","BE","INE477A01012"
"Canara Bank","BANKS","CANBK","EQ","INE476A01014"
"Capital First Ltd.","FINANCE","CAPF","EQ","INE688I01017"
"Carborundum Universal Ltd.","ABRASIVES","CARBORUNIV","EQ","INE120A01034"
"Castrol (India) Ltd.","PETROCHEMICALS","CASTROL","EQ","INE172A01019"
"Central Bank of India","BANKS","CENTRALBK","EQ","INE483A01010"
"Century Enka Ltd.","TEXTILES - SYNTHETIC","CENTENKA","EQ","INE485A01015"
"Century Plyboards (India) Ltd.","CONSTRUCTION","CENTURYPLY","EQ","INE348B01021"
"Century Textile & Industries Ltd.","CEMENT AND CEMENT PRODUCTS","CENTURYTEX","EQ","INE055A01016"
"Chambal Fertilizers & Chemicals Ltd.","FERTILISERS","CHAMBLFERT","EQ","INE085A01013"
"Chennai Petroleum Corporation Ltd.","REFINERIES","CHENNPETRO","EQ","INE178A01016"
"Cholamandalam Investment and Finance Company Ltd.","FINANCE","CHOLAFIN","EQ","INE121A01016"
"Cipla Ltd.","PHARMACEUTICALS","CIPLA","EQ","INE059A01026"
"City Union Bank Ltd.","BANKS","CUB","EQ","INE491A01021"
"Clariant Chemicals (India) Ltd.","DYES AND PIGMENTS","CLNINDIA","EQ","INE492A01029"
"Coal India Ltd.","MINING","COALINDIA","EQ","INE522F01014"
"Colgate Palmolive (India) Ltd.","PERSONAL CARE","COLPAL","EQ","INE259A01022"
"Container Corporation of India Ltd.","TRAVEL AND TRANSPORT","CONCOR","EQ","INE111A01017"
"Coromandel International Ltd.","FERTILISERS","COROMANDEL","EQ","INE169A01031"
"Corporation Bank","BANKS","CORPBANK","EQ","INE112A01015"
"Cox & Kings Ltd.","TRAVEL AND TRANSPORT","COX&KINGS","EQ","INE008I01026"
"Crompton Greaves Ltd.","ELECTRICAL EQUIPMENT","CROMPGREAV","EQ","INE067A01029"
"Cummins India Ltd.","DIESEL ENGINES","CUMMINSIND","EQ","INE298A01020"
"D B Realty Ltd.","CONSTRUCTION","DBREALTY","EQ","INE879I01012"
"DCM Shriram Consolidated Ltd.","DIVERSIFIED","DCMSRMCONS","EQ","INE499A01024"
"DCW Ltd.","CHEMICALS - INORGANIC","DCW","EQ","INE500A01029"
"DLF Ltd.","CONSTRUCTION","DLF","EQ","INE271C01023"
"Dabur India Ltd.","PERSONAL CARE","DABUR","EQ","INE016A01026"
"Deepak Fertilisers & Petrochemicals Corp. Ltd.","CHEMICALS - INORGANIC","DEEPAKFERT","EQ","INE501A01019"
"Delta Corp Ltd.","CONSTRUCTION","DELTACORP","EQ","INE124G01033"
"Dena Bank","BANKS","DENABANK","EQ","INE077A01010"
"Development Credit Bank Ltd","BANKS","DCB","EQ","INE503A01015"
"Dewan Housing Finance Corporation Ltd.","FINANCE - HOUSING","DHFL","EQ","INE202B01012"
"Dhanlaxmi Bank Ltd.","BANKS","DHANBANK","EQ","INE680A01011"
"Dish TV India Ltd.","MEDIA & ENTERTAINMENT","DISHTV","EQ","INE836F01026"
"Dishman Pharmaceuticals & Chemicals Ltd.","PHARMACEUTICALS","DISHMAN","EQ","INE353G01020"
"Divi's Laboratories Ltd.","PHARMACEUTICALS","DIVISLAB","EQ","INE361B01024"
"Dr. Reddy's Laboratories Ltd.","PHARMACEUTICALS","DRREDDY","EQ","INE089A01023"
"Dredging Corporation of India Ltd.","SHIPPING","DREDGECORP","EQ","INE506A01018"
"Dynamatic Technologies Ltd.","COMPRESSORS / PUMPS","DYNAMATECH","EQ","INE221B01012"
"E.I.D. Parry (India) Ltd.","SUGAR","EIDPARRY","EQ","INE126A01031"
"EIH Ltd.","HOTELS","EIHOTEL","EQ","INE230A01023"
"ESAB India Ltd.","ELECTRODES","ESABINDIA","EQ","INE284A01012"
"Edelweiss Financial Services Ltd.","FINANCE","EDELWEISS","EQ","INE532F01054"
"Educomp Solutions Ltd.","COMPUTERS - SOFTWARE","EDUCOMP","EQ","INE216H01027"
"Eicher Motors Ltd.","AUTOMOBILES - 4 WHEELERS","EICHERMOT","EQ","INE066A01013"
"Elder Pharmaceuticals Ltd.","PHARMACEUTICALS","ELDERPHARM","EQ","INE975A01015"
"Electrosteel Castings Ltd.","CASTINGS/FORGINGS","ELECTCAST","EQ","INE086A01029"
"Elgi Equipments Ltd.","COMPRESSORS / PUMPS","ELGIEQUIP","EQ","INE285A01027"
"Emami Ltd.","PERSONAL CARE","EMAMILTD","EQ","INE548C01032"
"Engineers India Ltd.","ENGINEERING","ENGINERSIN","EQ","INE510A01028"
"Entertainment Network India Ltd.","MEDIA & ENTERTAINMENT","ENIL","EQ","INE265F01028"
"Era Infra Engineering Ltd.","CONSTRUCTION","ERAINFRA","EQ","INE039E01020"
"Eros Intl Media Ltd.","MEDIA & ENTERTAINMENT","EROSMEDIA","EQ","INE416L01017"
"Escorts Ltd.","AUTOMOBILES - 4 WHEELERS","ESCORTS","EQ","INE042A01014"
"Essar Oil Ltd.","REFINERIES","ESSAROIL","EQ","INE011A01019"
"Essel Propack Ltd.","PACKAGING","ESSELPACK","EQ","INE255A01020"
"Exide Industries Ltd.","AUTO ANCILLARIES","EXIDEIND","EQ","INE302A01020"
"FDC Ltd.","PHARMACEUTICALS","FDC","EQ","INE258B01022"
"Fag Bearings India Ltd.","BEARINGS","FAGBEARING","EQ","INE513A01014"
"Federal Bank Ltd.","BANKS","FEDERALBNK","EQ","INE171A01011"
"Federal-Mogul Goetze (India) Ltd.","AUTO ANCILLARIES","FMGOETZE","EQ","INE529A01010"
"Financial Technologies (India) Ltd.","COMPUTERS - SOFTWARE","FINANTECH","EQ","INE111B01023"
"Finolex Cables Ltd.","CABLES - POWER","FINCABLES","EQ","INE235A01022"
"Finolex Industries Ltd.","PLASTIC AND PLASTIC PRODUCTS","FINPIPE","EQ","INE183A01016"
"Firstsource Solutions Ltd.","COMPUTERS - SOFTWARE","FSL","EQ","INE684F01012"
"Flexituff International Ltd.","PACKAGING","FLEXITUFF","EQ","INE060J01017"
"Fortis Healthcare Ltd.","MISCELLANEOUS","FORTIS","EQ","INE061F01013"
"Fresenius Kabi Oncology Ltd.","PHARMACEUTICALS","FKONCO","EQ","INE575G01010"
"Future Ventures India Ltd.","FINANCE","FUTUREVENT","EQ","INE220J01017"
"GAIL (India) Ltd.","GAS","GAIL","EQ","INE129A01019"
"GHCL Ltd.","CHEMICALS - INORGANIC","GHCL","EQ","INE539A01019"
"GMR Infrastructure Ltd.","CONSTRUCTION","GMRINFRA","EQ","INE776C01039"
"GOL Offshore Ltd.","OIL EXPLORATION/PRODUCTION","GTOFFSHORE","EQ","INE892H01017"
"GTL Ltd.","TELECOMMUNICATION - SERVICES","GTL","EQ","INE043A01012"
"GVK Power & Infrastructures Ltd.","POWER","GVKPIL","EQ","INE251H01024"
"Gammon India Ltd.","CONSTRUCTION","GAMMONIND","EQ","INE259B01020"
"Gammon Infrastructure Projects Ltd.","CONSTRUCTION","GAMMNINFRA","EQ","INE181G01025"
"Gateway Distriparks Ltd.","TRAVEL AND TRANSPORT","GDL","EQ","INE852F01015"
"Gati Ltd.","TRAVEL AND TRANSPORT","GATI","EQ","INE152B01027"
"Geojit BNP Paribas Financial Services Ltd.","FINANCE","GEOJITBNPP","EQ","INE007B01023"
"Geometric Ltd.","COMPUTERS - SOFTWARE","GEOMETRIC","EQ","INE797A01021"
"Gillette India Ltd.","PERSONAL CARE","GILLETTE","EQ","INE322A01010"
"Gitanjali Gems Ltd.","GEMS JEWELLERY AND WATCHES","GITANJALI","EQ","INE346H01014"
"GlaxoSmithkline Consumer Healthcare Ltd.","FOOD AND FOOD PROCESSING","GSKCONS","EQ","INE264A01014"
"Glaxosmithkline Pharmaceuticals Ltd.","PHARMACEUTICALS","GLAXO","EQ","INE159A01016"
"Glenmark Pharmaceuticals Ltd.","PHARMACEUTICALS","GLENMARK","EQ","INE935A01035"
"Godfrey Phillips India Ltd.","CIGARETTES","GODFRYPHLP","EQ","INE260B01010"
"Godrej Consumer Products Ltd.","PERSONAL CARE","GODREJCP","EQ","INE102D01028"
"Godrej Industries Ltd.","CHEMICALS - INORGANIC","GODREJIND","EQ","INE233A01035"
"Godrej Properties Ltd.","CONSTRUCTION","GODREJPROP","EQ","INE484J01019"
"Graphite India Ltd.","ELECTRODES","GRAPHITE","EQ","INE371A01025"
"Grasim Industries Ltd.","CEMENT AND CEMENT PRODUCTS","GRASIM","EQ","INE047A01013"
"Great Eastern Shipping Co. Ltd.","SHIPPING","GESHIP","EQ","INE017A01032"
"Greaves Cotton Ltd.","DIESEL ENGINES","GREAVESCOT","EQ","INE224A01026"
"Gujarat Alkalies & Chemicals Ltd.","CHEMICALS - INORGANIC","GUJALKALI","EQ","INE186A01019"
"Gujarat Fluorochemicals Ltd.","CHEMICALS - ORGANIC","GUJFLUORO","EQ","INE538A01037"
"Gujarat Gas Co. Ltd.","GAS","GUJRATGAS","EQ","INE374A01029"
"Gujarat Industries Power Co. Ltd.","POWER","GIPCL","EQ","INE162A01010"
"Gujarat Mineral Development Corporation Ltd.","MINING","GMDCLTD","EQ","INE131A01031"
"Gujarat NRE Coke Ltd.","MINING","GUJNRECOKE","EQ","INE110D01013"
"Gujarat Narmada Valley Fertilizers and Chemicals Ltd.","FERTILISERS","GNFC","EQ","INE113A01013"
"Gujarat Pipavav Port Ltd.","SHIPPING","GPPL","EQ","INE517F01014"
"Gujarat State Fertilizers & Chemicals Ltd.","FERTILISERS","GSFC","EQ","INE026A01025"
"Gujarat State Petronet Ltd.","GAS","GSPL","EQ","INE246F01010"
"H.E.G. Ltd.","ELECTRODES","HEG","EQ","INE545A01016"
"HCL Infosystems Ltd.","COMPUTERS - HARDWARE","HCL-INSYS","EQ","INE236A01020"
"HCL Technologies Ltd.","COMPUTERS - SOFTWARE","HCLTECH","EQ","INE860A01027"
"HDFC Bank Ltd.","BANKS","HDFCBANK","EQ","INE040A01026"
"HSIL Ltd.","PACKAGING","HSIL","EQ","INE415A01038"
"HT Media Ltd.","PRINTING AND PUBLISHING","HTMEDIA","EQ","INE501G01024"
"Hathway Cable & Datacom Ltd.","MEDIA & ENTERTAINMENT","HATHWAY","EQ","INE982F01028"
"Havell's India Ltd.","ELECTRICAL EQUIPMENT","HAVELLS","EQ","INE176B01026"
"Hero MotoCorp Ltd.","AUTOMOBILES - 2 AND 3 WHEELERS","HEROMOTOCO","EQ","INE158A01026"
"Hexaware Technologies Ltd.","COMPUTERS - SOFTWARE","HEXAWARE","EQ","INE093A01033"
"Himachal Fut Com Ltd.","TELECOMMUNICATION - EQUIPMENT","HFCL","EQ","INE548A01028"
"Himatsingka Seide Ltd.","TEXTILE PRODUCTS","HIMATSEIDE","EQ","INE049A01027"
"Hindalco Industries Ltd.","ALUMINIUM","HINDALCO","EQ","INE038A01020"
"Hindustan Construction Co. Ltd.","CONSTRUCTION","HCC","EQ","INE549A01026"
"Hindustan Oil Exploration Co. Ltd.","OIL EXPLORATION/PRODUCTION","HINDOILEXP","EQ","INE345A01011"
"Hindustan Petroleum Corporation Ltd.","REFINERIES","HINDPETRO","EQ","INE094A01015"
"Hindustan Unilever Ltd.","DIVERSIFIED","HINDUNILVR","EQ","INE030A01027"
"Hindustan Zinc Ltd.","METALS","HINDZINC","EQ","INE267A01025"
"Honeywell Automation India Ltd.","ELECTRONICS - INDUSTRIAL","HONAUT","EQ","INE671A01010"
"Hotel Leela Venture Ltd.","HOTELS","HOTELEELA","EQ","INE102A01024"
"Housing Development Finance Corporation Ltd.","FINANCE - HOUSING","HDFC","EQ","INE001A01036"
"Housing Development and Infrastructure Ltd.","CONSTRUCTION","HDIL","EQ","INE191I01012"
"Hubtown Ltd.","CONSTRUCTION","HUBTOWN","EQ","INE703H01016"
"I T C Ltd.","CIGARETTES","ITC","EQ","INE154A01025"
"ICICI Bank Ltd.","BANKS","ICICIBANK","EQ","INE090A01013"
"ICRA Ltd.","FINANCE","ICRA","EQ","INE725G01011"
"IDBI Bank Ltd.","BANKS","IDBI","EQ","INE008A01015"
"IDFC Ltd.","FINANCIAL INSTITUTION","IDFC","EQ","INE043D01016"
"IFCI Ltd.","FINANCIAL INSTITUTION","IFCI","EQ","INE039A01010"
"IL&FS Engineering and Construction Company Ltd.","CONSTRUCTION","IL&FSENGG","EQ","INE369I01014"
"ING Vysya Bank Ltd.","BANKS","INGVYSYABK","EQ","INE166A01011"
"IRB Infrastructure Developers Ltd.","CONSTRUCTION","IRB","EQ","INE821I01014"
"IVRCL Ltd.","CONSTRUCTION","IVRCLINFRA","EQ","INE875A01025"
"Idea Cellular Ltd.","TELECOMMUNICATION - SERVICES","IDEA","EQ","INE669E01016"
"Ind-Swift Laboratories Ltd.","PHARMACEUTICALS","INDSWFTLAB","EQ","INE915B01019"
"India Cements Ltd.","CEMENT AND CEMENT PRODUCTS","INDIACEM","EQ","INE383A01012"
"India Glycols Ltd.","CHEMICALS - ORGANIC","INDIAGLYCO","EQ","INE560A01015"
"India Infoline Ltd.","FINANCE","INDIAINFO","EQ","INE530B01024"
"Indiabulls Financial Services Ltd.","FINANCE","INDIABULLS","EQ","INE894F01025"
"Indiabulls Power Ltd.","POWER","IBPOW","EQ","INE399K01017"
"Indiabulls Real Estate Ltd.","CONSTRUCTION","IBREALEST","EQ","INE069I01010"
"Indiabulls Securities Ltd.","FINANCE","IBSEC","EQ","INE274G01010"
"Indian Bank","BANKS","INDIANB","EQ","INE562A01011"
"Indian Hotels Co. Ltd.","HOTELS","INDHOTEL","EQ","INE053A01029"
"Indian Oil Corporation Ltd.","REFINERIES","IOC","EQ","INE242A01010"
"Indian Overseas Bank ","BANKS","IOB","EQ","INE565A01014"
"Indo Rama Synthetics Ltd.","TEXTILES - SYNTHETIC","INDORAMA","EQ","INE156A01020"
"Indraprastha Gas Ltd.","GAS","IGL","EQ","INE203G01019"
"Indraprastha Medical Corporation Ltd.","MISCELLANEOUS","INDRAMEDCO","EQ","INE681B01017"
"IndusInd Bank Ltd.","BANKS","INDUSINDBK","EQ","INE095A01012"
"Info Edge (India) Ltd.","COMPUTERS - SOFTWARE","NAUKRI","EQ","INE663F01024"
"Infosys Ltd.","COMPUTERS - SOFTWARE","INFY","EQ","INE009A01021"
"Infotech Enterprises Ltd.","COMPUTERS - SOFTWARE","INFOTECENT","EQ","INE136B01020"
"Ingersoll Rand (India) Ltd.","COMPRESSORS / PUMPS","INGERRAND","EQ","INE177A01018"
"Innoventive Industries Ltd.","STEEL AND STEEL PRODUCTS","INNOIND","EQ","INE549I01011"
"Ipca Laboratories Ltd.","PHARMACEUTICALS","IPCALAB","EQ","INE571A01020"
"J.B. Chemicals & Pharmaceuticals Ltd.","PHARMACEUTICALS","JBCHEPHARM","EQ","INE572A01028"
"J.Kumar Infraprojects Ltd.","CONSTRUCTION","JKIL","EQ","INE576I01014"
"JBF Industries Ltd.","TEXTILES - SYNTHETIC","JBFIND","EQ","INE187A01017"
"JK Tyre & Industries Ltd..","TYRES","JKTYRE","EQ","INE573A01034"
"JM Financial Ltd.","FINANCE","JMFINANCIL","EQ","INE780C01023"
"JSW Energy Ltd.","POWER","JSWENERGY","EQ","INE121E01018"
"JSW ISPAT Steel Ltd.","STEEL AND STEEL PRODUCTS","JSWISPAT","EQ","INE136A01022"
"JSW Steel Ltd.","STEEL AND STEEL PRODUCTS","JSWSTEEL","EQ","INE019A01020"
"Jagran Prakashan Ltd.","PRINTING AND PUBLISHING","JAGRAN","EQ","INE199G01027"
"Jai Balaji Industries Ltd.","STEEL AND STEEL PRODUCTS","JAIBALAJI","EQ","INE091G01018"
"Jai Corp Ltd.","PLASTIC AND PLASTIC PRODUCTS","JAICORPLTD","EQ","INE070D01027"
"Jain Irrigation Systems Ltd.","PLASTIC AND PLASTIC PRODUCTS","JISLJALEQS","EQ","INE175A01038"
"Jaiprakash Associates Ltd.","CONSTRUCTION","JPASSOCIAT","EQ","INE455F01025"
"Jaiprakash Power Ventures Ltd.","POWER","JPPOWER","EQ","INE351F01018"
"Jammu & Kashmir Bank Ltd.","BANKS","J&KBANK","EQ","INE168A01017"
"Jaypee Infratech Ltd.","CONSTRUCTION","JPINFRATEC","EQ","INE099J01015"
"Jet Airways (India) Ltd.","TRAVEL AND TRANSPORT","JETAIRWAYS","EQ","INE802G01018"
"Jindal Poly Films Ltd.","PACKAGING","JINDALPOLY","EQ","INE197D01010"
"Jindal Saw Ltd.","STEEL AND STEEL PRODUCTS","JINDALSAW","EQ","INE324A01024"
"Jindal SouthWest Hold Ltd.","FINANCE","JINDALSWHL","EQ","INE824G01012"
"Jindal Stainless Ltd.","STEEL AND STEEL PRODUCTS","JSL","EQ","INE220G01021"
"Jindal Steel & Power Ltd.","STEEL AND STEEL PRODUCTS","JINDALSTEL","EQ","INE749A01030"
"Jubilant Foodworks Ltd.","FOOD AND FOOD PROCESSING","JUBLFOOD","EQ","INE797F01012"
"Jubilant Life Sciences Ltd.","PHARMACEUTICALS","JUBILANT","EQ","INE700A01033"
"Jyoti Structures Ltd.","TRANSMISSION TOWERS","JYOTISTRUC","EQ","INE197A01024"
"K.S. Oils Ltd.","SOLVENT EXTRACTION","KSOILS","EQ","INE727D01022"
"KCP Ltd.","CEMENT AND CEMENT PRODUCTS","KCP","EQ","INE805C01028"
"KPIT Cummins Infosystem Ltd.","COMPUTERS - SOFTWARE","KPIT","EQ","INE836A01035"
"KSB Pumps Ltd.","COMPRESSORS / PUMPS","KSBPUMPS","EQ","INE999A01015"
"KSK Energy Ventures Ltd","POWER","KSK","EQ","INE143H01015"
"Kajaria Ceramics Ltd.","CERAMICS AND SANITARYWARE","KAJARIACER","EQ","INE217B01028"
"Kalpataru Power Transmission Ltd.","TRANSMISSION TOWERS","KALPATPOWR","EQ","INE220B01022"
"Kansai Nerolac Paints Ltd.","PAINTS","KANSAINER","EQ","INE531A01016"
"Karnataka Bank Ltd.","BANKS","KTKBANK","EQ","INE614B01018"
"Karur Vysya Bank Ltd.","BANKS","KARURVYSYA","EQ","INE036D01010"
"Karuturi Global Ltd.","MISCELLANEOUS","KGL","EQ","INE299C01024"
"Kec International Ltd.","TRANSMISSION TOWERS","KEC","EQ","INE389H01022"
"Kemrock Industries and Exports Ltd.","PLASTIC AND PLASTIC PRODUCTS","KEMROCK","BE","INE990B01012"
"Kesoram Industries Ltd.","TYRES","KESORAMIND","EQ","INE087A01019"
"Kotak Mahindra Bank Ltd.","BANKS","KOTAKBANK","EQ","INE237A01028"
"Kwality Dairy (India) Ltd.","FOOD AND FOOD PROCESSING","KWALITY","EQ","INE775B01025"
"L&T Finance Holdings Ltd.","FINANCE","L&TFH","BE","INE498L01015"
"LIC Housing Finance Ltd.","FINANCE - HOUSING","LICHSGFIN","EQ","INE115A01026"
"Lakshmi Machine Works Ltd.","TEXTILE MACHINERY","LAXMIMACH","EQ","INE269B01029"
"Lakshmi Vilas Bank Ltd.","BANKS","LAKSHVILAS","EQ","INE694C01018"
"Lanco Infratech Ltd.","CONSTRUCTION","LITL","EQ","INE785C01048"
"Larsen & Toubro Ltd.","ENGINEERING","LT","EQ","INE018A01030"
"Lovable Lingerie Ltd.","TEXTILE PRODUCTS","LOVABLE","EQ","INE597L01014"
"Lupin Ltd.","PHARMACEUTICALS","LUPIN","EQ","INE326A01037"
"MOIL Ltd.","METALS","MOIL","EQ","INE490G01020"
"MRF Ltd.","TYRES","MRF","EQ","INE883A01011"
"MVL Ltd.","CONSTRUCTION","MVL","EQ","INE744I01034"
"Madras Cements Ltd.","CEMENT AND CEMENT PRODUCTS","MADRASCEM","EQ","INE331A01037"
"Mahanagar Telephone Nigam Ltd.","TELECOMMUNICATION - SERVICES","MTNL","EQ","INE153A01019"
"Maharashtra Seamless Ltd.","STEEL AND STEEL PRODUCTS","MAHSEAMLES","EQ","INE271B01025"
"Mahindra & Mahindra Financial Services Ltd.","FINANCE","M&MFIN","EQ","INE774D01016"
"Mahindra & Mahindra Ltd.","AUTOMOBILES - 4 WHEELERS","M&M","EQ","INE101A01026"
"Mahindra Lifespace Developers Ltd.","CONSTRUCTION","MAHLIFE","EQ","INE813A01018"
"Man Infraconstruction Ltd.","CONSTRUCTION","MANINFRA","EQ","INE949H01015"
"Mandhana Industries Ltd.","TEXTILE PRODUCTS","MANDHANA","EQ","INE087J01010"
"Mangalore Chemicals & Fertilizers Ltd.","PESTICIDES AND AGROCHEMICALS","MANGCHEFER","EQ","INE558B01017"
"Mangalore Refinery & Petrochemicals Ltd.","REFINERIES","MRPL","EQ","INE103A01014"
"Marico Ltd.","PERSONAL CARE","MARICO","EQ","INE196A01026"
"Maruti Suzuki India Ltd.","AUTOMOBILES - 4 WHEELERS","MARUTI","EQ","INE585B01010"
"Mastek Ltd.","COMPUTERS - SOFTWARE","MASTEK","EQ","INE759A01021"
"Max India Ltd.","PACKAGING","MAX","EQ","INE180A01020"
"McLeod Russel India Ltd.","TEA AND COFFEE","MCLEODRUSS","EQ","INE942G01012"
"Mercator Ltd.","MINING","MERCATOR","EQ","INE934B01028"
"Merck Ltd.","PHARMACEUTICALS","MERCK","EQ","INE199A01012"
"MindTree Ltd.","COMPUTERS - SOFTWARE","MINDTREE","EQ","INE018I01017"
"Monnet Ispat and Energy Ltd.","STEEL AND STEEL PRODUCTS","MONNETISPA","EQ","INE743C01013"
"Monsanto India Ltd.","PESTICIDES AND AGROCHEMICALS","MONSANTO","EQ","INE274B01011"
"Motherson Sumi Systems Ltd.","AUTO ANCILLARIES","MOTHERSUMI","EQ","INE775A01035"
"Motilal Oswal Financial Services Ltd.","FINANCE","MOTILALOFS","EQ","INE338I01027"
"MphasiS Ltd.","COMPUTERS - SOFTWARE","MPHASIS","EQ","INE356A01018"
"Muthoot Finance Ltd.","FINANCE","MUTHOOTFIN","EQ","INE414G01012"
"NCC Ltd.","CONSTRUCTION","NCC","EQ","INE868B01028"
"NHPC Ltd.","POWER","NHPC","EQ","INE848E01016"
"NIIT Ltd.","COMPUTERS - SOFTWARE","NIITLTD","EQ","INE161A01038"
"NMDC Ltd.","MINING","NMDC","EQ","INE584A01023"
"NTPC Ltd.","POWER","NTPC","EQ","INE733E01010"
"National Aluminium Co. Ltd.","ALUMINIUM","NATIONALUM","EQ","INE139A01034"
"Nava Bharat Ventures Ltd.","POWER","NBVENTURES","EQ","INE725A01022"
"Navneet Publications (India) Ltd.","PRINTING AND PUBLISHING","NAVNETPUBL","EQ","INE060A01024"
"Network18 Media & Investments Ltd.","FINANCE","NETWORK18","EQ","INE870H01013"
"Neyveli Lignite Corporation Ltd.","POWER","NEYVELILIG","EQ","INE589A01014"
"Nilkamal Ltd.","PLASTIC AND PLASTIC PRODUCTS","NILKAMAL","EQ","INE310A01015"
"Noida-Toll Bridge Co. Ltd.","CONSTRUCTION","NOIDATOLL","EQ","INE781B01015"
"Oberoi Realty Ltd.","CONSTRUCTION","OBEROIRLTY","EQ","INE093I01010"
"Oil & Natural Gas Corporation Ltd.","OIL EXPLORATION/PRODUCTION","ONGC","EQ","INE213A01029"
"Oil India Ltd.","OIL EXPLORATION/PRODUCTION","OIL","EQ","INE274J01014"
"Omaxe Ltd.","CONSTRUCTION","OMAXE","EQ","INE800H01010"
"Opto Circuits (I) Ltd.","PHARMACEUTICALS","OPTOCIRCUI","EQ","INE808B01016"
"Oracle Financial Services Software Ltd.","COMPUTERS - SOFTWARE","OFSS","EQ","INE881D01027"
"Orbit Corporation Ltd.","CONSTRUCTION","ORBITCORP","EQ","INE628H01015"
"Orchid Chemicals & Pharmaceuticals Ltd.","PHARMACEUTICALS","ORCHIDCHEM","EQ","INE191A01019"
"Orient Paper & Industries Ltd.","CEMENT AND CEMENT PRODUCTS","ORIENTPPR","EQ","INE592A01026"
"Oriental Bank of Commerce","BANKS","ORIENTBANK","EQ","INE141A01014"
"Oriental Hotels Ltd.","HOTELS","ORIENTHOT","EQ","INE750A01020"
"Orissa Min Dev Co Ltd.","MINING","ORISSAMINE","EQ","INE725E01024"
"Oswal Chemicals & Fertilizers Ltd.","TRADING","BINDALAGRO","EQ","INE143A01010"
"PSL Ltd.","STEEL AND STEEL PRODUCTS","PSL","EQ","INE474B01017"
"PTC India Ltd.","POWER","PTC","EQ","INE877F01012"
"Page Industries Ltd.","TEXTILE PRODUCTS","PAGEIND","EQ","INE761H01022"
"Pantaloon Retail (India) Ltd.","MISCELLANEOUS","PANTALOONR","EQ","INE623B01027"
"Parsvnath Developer Ltd.","CONSTRUCTION","PARSVNATH","EQ","INE561H01026"
"Patel Engineering Ltd.","CONSTRUCTION","PATELENG","EQ","INE244B01030"
"Peninsula Land Ltd.","CONSTRUCTION","PENINLAND","EQ","INE138A01028"
"Persistent Systems Ltd.","COMPUTERS - SOFTWARE","PERSISTENT","EQ","INE262H01013"
"Petronet LNG Ltd.","GAS","PETRONET","EQ","INE347G01014"
"Pfizer Ltd.","PHARMACEUTICALS","PFIZER","EQ","INE182A01018"
"Phoenix Mills Ltd.","CONSTRUCTION","PHOENIXLTD","EQ","INE211B01039"
"Pidilite Industries Ltd.","CHEMICALS - SPECIALITY","PIDILITIND","EQ","INE318A01026"
"Pipavav Defence and Offshore Engineering Company Ltd.","SHIPPING","PIPAVAVDOC","EQ","INE542F01012"
"Piramal Enterprises Ltd.","PHARMACEUTICALS","PEL","EQ","INE140A01024"
"Polaris Financial Technology Ltd.","COMPUTERS - SOFTWARE","POLARIS","EQ","INE763A01023"
"Power Finance Corporation Ltd.","FINANCIAL INSTITUTION","PFC","EQ","INE134E01011"
"Power Grid Corporation of India Ltd.","POWER","POWERGRID","EQ","INE752E01010"
"Praj Industries Ltd.","ENGINEERING","PRAJIND","EQ","INE074A01025"
"Prakash Industries Ltd.","STEEL AND STEEL PRODUCTS","PRAKASH","EQ","INE603A01013"
"Prestige Estates Projects Ltd.","CONSTRUCTION","PRESTIGE","EQ","INE811K01011"
"Prime Focus Ltd","MEDIA & ENTERTAINMENT","PFOCUS","EQ","INE367G01038"
"Prism Cement Ltd.","CEMENT AND CEMENT PRODUCTS","PRISMCEM","EQ","INE010A01011"
"Procter & Gamble Hygiene & Health Care Ltd.","PERSONAL CARE","PGHH","EQ","INE179A01014"
"Punj Lloyd Ltd.","CONSTRUCTION","PUNJLLOYD","EQ","INE701B01021"
"Punjab National Bank","BANKS","PNB","EQ","INE160A01014"
"Puravankara Projects Ltd.","CONSTRUCTION","PURVA","EQ","INE323I01011"
"Radico Khaitan Ltd","BREW/DISTILLERIES","RADICO","EQ","INE944F01028"
"Rajesh Exports Ltd.","GEMS JEWELLERY AND WATCHES","RAJESHEXPO","EQ","INE343B01030"
"Rallis India Ltd.","PESTICIDES AND AGROCHEMICALS","RALLIS","EQ","INE613A01020"
"Ramco Industries Ltd.","CEMENT AND CEMENT PRODUCTS","RAMCOIND","EQ","INE614A01028"
"Ramky Infra Ltd.","CONSTRUCTION","RAMKY","EQ","INE874I01013"
"Ranbaxy Laboratories Ltd.","PHARMACEUTICALS","RANBAXY","EQ","INE015A01028"
"Rashtriya Chemicals & Fertilizers Ltd.","FERTILISERS","RCF","EQ","INE027A01015"
"Raymond Ltd.","TEXTILE PRODUCTS","RAYMOND","EQ","INE301A01014"
"Redington (India) Ltd.","TRADING","REDINGTON","EQ","INE891D01026"
"Rei Agro Ltd.","FOOD AND FOOD PROCESSING","REIAGROLTD","EQ","INE385B01031"
"Reliance Capital Ltd.","FINANCE","RELCAPITAL","EQ","INE013A01015"
"Reliance Communications Ltd.","TELECOMMUNICATION - SERVICES","RCOM","EQ","INE330H01018"
"Reliance Industrial Infrastructure Ltd.","ENGINEERING","RIIL","EQ","INE046A01015"
"Reliance Industries Ltd.","REFINERIES","RELIANCE","EQ","INE002A01018"
"Reliance Infrastructure Ltd.","POWER","RELINFRA","EQ","INE036A01016"
"Reliance Power Ltd.","POWER","RPOWER","EQ","INE614G01033"
"Religare Enterprises Ltd.","FINANCE","RELIGARE","EQ","INE621H01010"
"Rolta India Ltd.","COMPUTERS - SOFTWARE","ROLTA","EQ","INE293A01013"
"Ruchi Soya Industries Ltd.","SOLVENT EXTRACTION","RUCHISOYA","EQ","INE619A01027"
"Rural Electrification Corporation Ltd.","FINANCIAL INSTITUTION","RECLTD","EQ","INE020B01018"
"S. Kumars Nationwide Ltd.","TEXTILE PRODUCTS","SKUMARSYNF","EQ","INE772A01016"
"S.E. Investments Ltd.","FINANCE","SEINV","EQ","INE420C01042"
"SKF India Ltd.","BEARINGS","SKFINDIA","EQ","INE640A01023"
"SKS Microfinance Ltd.","FINANCE","SKSMICRO","EQ","INE180K01011"
"SREI Infrastructure Finance Ltd.","FINANCE","SREINFRA","EQ","INE872A01014"
"SRF Ltd.","TEXTILES - SYNTHETIC","SRF","EQ","INE647A01010"
"Sadbhav Engineering Ltd","CONSTRUCTION","SADBHAV","EQ","INE226H01026"
"Sanofi India Ltd.","PHARMACEUTICALS","SANOFI","EQ","INE058A01010"
"Sesa Goa Ltd.","MINING","SESAGOA","EQ","INE205A01025"
"Shanthi Gears Ltd.","AUTO ANCILLARIES","SHANTIGEAR","EQ","INE631A01022"
"Shasun Pharmaceuticals Ltd.","PHARMACEUTICALS","SHASUNPHAR","EQ","INE317A01028"
"Shipping Corporation of India Ltd.","SHIPPING","SCI","EQ","INE109A01011"
"Shoppers Stop Ltd.","MISCELLANEOUS","SHOPERSTOP","EQ","INE498B01024"
"Shree Ashtavinayak Cine Vision Ltd.","MEDIA & ENTERTAINMENT","SHREEASHTA","BE","INE538H01024"
"Shree Cement Ltd.","CEMENT AND CEMENT PRODUCTS","SHREECEM","EQ","INE070A01015"
"Shree Renuka Sugars Ltd.","SUGAR","RENUKA","EQ","INE087H01022"
"Shrenuj & Co. Ltd.","GEMS JEWELLERY AND WATCHES","SHRENUJ","EQ","INE633A01028"
"Shri Lakshmi Cotsyn Ltd.","TEXTILES - COTTON","SHLAKSHMI","EQ","INE851B01016"
"Shriram City Union Finance Ltd.","FINANCE","SHRIRAMCIT","EQ","INE722A01011"
"Shriram Transport Finance Co. Ltd.","FINANCE","SRTRANSFIN","EQ","INE721A01013"
"Siemens Ltd.","ELECTRICAL EQUIPMENT","SIEMENS","EQ","INE003A01024"
"Simplex Infrastructures Ltd.","CONSTRUCTION","SIMPLEXINF","EQ","INE059B01024"
"Sintex Industries Ltd.","PLASTIC AND PLASTIC PRODUCTS","SINTEX","EQ","INE429C01035"
"Sobha Developers Ltd.","CONSTRUCTION","SOBHA","EQ","INE671H01015"
"Sona Koyo Steering Systems Ltd.","AUTO ANCILLARIES","SONASTEER","EQ","INE643A01035"
"Sonata Software Ltd.","COMPUTERS - SOFTWARE","SONATSOFTW","EQ","INE269A01021"
"South Indian Bank Ltd.","BANKS","SOUTHBANK","EQ","INE683A01023"
"State Bank of Bikaner & Jaipur Ltd.","BANKS","SBBJ","EQ","INE648A01026"
"State Bank of India","BANKS","SBIN","EQ","INE062A01012"
"State Bank of Travancore","BANKS","SBT","EQ","INE654A01024"
"Steel Authority of India Ltd.","STEEL AND STEEL PRODUCTS","SAIL","EQ","INE114A01011"
"Sterling Biotech Ltd","PHARMACEUTICALS","STERLINBIO","BE","INE324C01038"
"Sterlite Technologies Ltd.","ELECTRICAL EQUIPMENT","STRTECH","EQ","INE089C01029"
"Strides Arcolab Ltd.","PHARMACEUTICALS","STAR","EQ","INE939A01011"
"Sujana Towers Ltd.","TELECOMMUNICATION - EQUIPMENT","SUJANATOW","BE","INE333I01028"
"Sun Pharmaceutical Industries Ltd.","PHARMACEUTICALS","SUNPHARMA","EQ","INE044A01036"
"Sun TV Network Ltd.","MEDIA & ENTERTAINMENT","SUNTV","EQ","INE424H01027"
"Sundaram Finance Ltd.","FINANCE","SUNDARMFIN","EQ","INE660A01013"
"Sundram Fasteners Ltd.","FASTNERS","SUNDRMFAST","EQ","INE387A01021"
"Sunteck Realty Ltd.","CONSTRUCTION","SUNTECK","EQ","INE805D01026"
"Supreme Industries Ltd.","PLASTIC AND PLASTIC PRODUCTS","SUPREMEIND","EQ","INE195A01028"
"Supreme Infrastructure India Ltd.","CONSTRUCTION","SUPREMEINF","EQ","INE550H01011"
"Supreme Petrochem Ltd.","PETROCHEMICALS","SUPPETRO","EQ","INE663A01017"
"Suzlon Energy Ltd.","ELECTRICAL EQUIPMENT","SUZLON","EQ","INE040H01021"
"Swaraj Engines Ltd.","DIESEL ENGINES","SWARAJENG","EQ","INE277A01016"
"Syndicate Bank","BANKS","SYNDIBANK","EQ","INE667A01018"
"TD Power Systems Ltd.","ELECTRICAL EQUIPMENT","TDPOWERSYS","EQ","INE419M01019"
"TTK Prestige Ltd.","CONSUMER DURABLES","TTKPRESTIG","EQ","INE690A01010"
"TV18 Broadcast Ltd.","MEDIA & ENTERTAINMENT","TV18BRDCST","EQ","INE886H01027"
"TVS Motor Company Ltd.","AUTOMOBILES - 2 AND 3 WHEELERS","TVSMOTOR","EQ","INE494B01023"
"Tamil Nadu Newsprint & Papers Ltd.","PAPER AND PAPER PRODUCTS","TNPL","EQ","INE107A01015"
"Tata Chemicals Ltd.","CHEMICALS - INORGANIC","TATACHEM","EQ","INE092A01019"
"Tata Coffee Ltd.","TEA AND COFFEE","TATACOFFEE","EQ","INE493A01019"
"Tata Communications Ltd.","TELECOMMUNICATION - SERVICES","TATACOMM","EQ","INE151A01013"
"Tata Consultancy Services Ltd.","COMPUTERS - SOFTWARE","TCS","EQ","INE467B01029"
"Tata Elxsi Ltd.","COMPUTERS - SOFTWARE","TATAELXSI","EQ","INE670A01012"
"Tata Global Beverages Ltd.","TEA AND COFFEE","TATAGLOBAL","EQ","INE192A01025"
"Tata Investment Corporation Ltd.","FINANCE","TATAINVEST","EQ","INE672A01018"
"Tata Motors Ltd.","AUTOMOBILES - 4 WHEELERS","TATAMOTORS","EQ","INE155A01022"
"Tata Power Co. Ltd.","POWER","TATAPOWER","EQ","INE245A01021"
"Tata Sponge Iron Ltd.","STEEL AND STEEL PRODUCTS","TATASPONGE","EQ","INE674A01014"
"Tata Steel Ltd.","STEEL AND STEEL PRODUCTS","TATASTEEL","EQ","INE081A01012"
"Tech Mahindra Ltd.","COMPUTERS - SOFTWARE","TECHM","EQ","INE669C01028"
"Techno Elt & Eng Co. Ltd.","ENGINEERING","TECHNO","EQ","INE286K01024"
"Thermax Ltd.","ELECTRICAL EQUIPMENT","THERMAX","EQ","INE152A01029"
"Thomas Cook (India) Ltd.","TRAVEL AND TRANSPORT","THOMASCOOK","EQ","INE332A01027"
"Tinplate Company of India Ltd.","STEEL AND STEEL PRODUCTS","TINPLATE","EQ","INE422C01014"
"Titan Industries Ltd.","GEMS JEWELLERY AND WATCHES","TITAN","EQ","INE280A01028"
"Torrent Pharmaceuticals Ltd.","PHARMACEUTICALS","TORNTPHARM","EQ","INE685A01028"
"Torrent Power Ltd.","POWER","TORNTPOWER","EQ","INE813H01021"
"Tree House Education & Accessories Ltd.","MISCELLANEOUS","TREEHOUSE","EQ","INE040M01013"
"Trent Ltd.","MISCELLANEOUS","TRENT","EQ","INE849A01012"
"Tube Investments of India Ltd.","CYCLES","TUBEINVEST","EQ","INE149A01025"
"Tulip Telecom Ltd.","TELECOMMUNICATION - SERVICES","TULIP","EQ","INE122H01027"
"UCO Bank","BANKS","UCOBANK","EQ","INE691A01018"
"UFLEX Ltd.","PACKAGING","UFLEX","EQ","INE516A01017"
"UltraTech Cement Ltd.","CEMENT AND CEMENT PRODUCTS","ULTRACEMCO","EQ","INE481G01011"
"Unichem Laboratories Ltd.","PHARMACEUTICALS","UNICHEMLAB","EQ","INE351A01035"
"Union Bank of India","BANKS","UNIONBANK","EQ","INE692A01016"
"Unitech Ltd.","CONSTRUCTION","UNITECH","EQ","INE694A01020"
"United Breweries (Holdings) Ltd.","FINANCE","UBHOLDINGS","EQ","INE696A01025"
"United Breweries Ltd.","BREW/DISTILLERIES","UBL","EQ","INE686F01025"
"United Phosphorus Ltd.","PESTICIDES AND AGROCHEMICALS","UNIPHOS","EQ","INE628A01036"
"United Spirits Ltd.","BREW/DISTILLERIES","MCDOWELL-N","EQ","INE854D01016"
"Unity Infraprojects Ltd.","CONSTRUCTION","UNITY","EQ","INE466H01028"
"Usha Martin Ltd.","STEEL AND STEEL PRODUCTS","USHAMART","EQ","INE228A01035"
"Uttam Galva Steels Ltd.","STEEL AND STEEL PRODUCTS","UTTAMSTL","EQ","INE699A01011"
"V.I.P. Industries Ltd.","PLASTIC AND PLASTIC PRODUCTS","VIPIND","EQ","INE054A01027"
"VST Industries Ltd.","CIGARETTES","VSTIND","EQ","INE710A01016"
"Vakrangee Software Ltd.","COMPUTERS - SOFTWARE","VAKRANSOFT","EQ","INE051B01021"
"Varun Shipping Co. Ltd.","SHIPPING","VARUNSHIP","EQ","INE702A01013"
"Venky's (India) Ltd.","FOOD AND FOOD PROCESSING","VENKEYS","EQ","INE398A01010"
"Vesuvius India Ltd.","REFRACTORIES","VESUVIUS","EQ","INE386A01015"
"Videocon Industries Ltd.","CONSUMER DURABLES","VIDEOIND","EQ","INE703A01011"
"Vijaya Bank","BANKS","VIJAYABANK","EQ","INE705A01016"
"Voltas Ltd.","ENGINEERING","VOLTAS","EQ","INE226A01021"
"WABCO India Ltd.","AUTO ANCILLARIES","WABCOINDIA","EQ","INE342J01019"
"Welspun Corp Ltd.","STEEL AND STEEL PRODUCTS","WELCORP","EQ","INE191B01025"
"West Coast Paper Mills Ltd.","PAPER AND PAPER PRODUCTS","WSTCSTPAPR","EQ","INE976A01021"
"Whirlpool of India Ltd.","CONSUMER DURABLES","WHIRLPOOL","EQ","INE716A01013"
"Wipro Ltd.","COMPUTERS - SOFTWARE","WIPRO","EQ","INE075A01022"
"Wyeth Ltd.","PHARMACEUTICALS","WYETH","EQ","INE378A01012"
"Yes Bank Ltd.","BANKS","YESBANK","EQ","INE528G01019"
"Zee Entertainment Enterprises Ltd.","MEDIA & ENTERTAINMENT","ZEEL","EQ","INE256A01028"
"Zensar Technolgies Ltd.","COMPUTERS - SOFTWARE","ZENSARTECH","EQ","INE520A01019"
"Zodiac Clothing Co. Ltd.","TEXTILE PRODUCTS","ZODIACLOTH","BE","INE206B01013"
"Zydus Wellness Ltd.","FOOD AND FOOD PROCESSING","ZYDUSWELL","EQ","INE768C01010"
"eClerx Services Ltd.","COMPUTERS - SOFTWARE","ECLERX","EQ","INE738I01010"
